name_th,name_en,category,serving_desc,serving_g,kcal,protein_g,carb_g,fat_g,fiber_g,source,nutrition_meta
ขนมปังโฮลวีท,"Bread, wholewheat",ข้าว-แป้ง,100 กรัม,100,273,11.9,41.3,5.4,5.9,ASEAN-FCD-2014-INMU:AAA19,"{""carb_definition"": ""available"", ""fiber_definition"": ""total_dietary"", ""human_review_status"": ""pending"", ""portion_basis"": ""source_weight"", ""source_basis"": ""per_100g"", ""source_comparison"": ""pdf_text_compared"", ""source_path"": ""knowledge\\sources\\evidence-2026-10-01\\ASEAN-2014.pdf"", ""source_pdf_page"": 34, ""source_sha256"": ""121ea627bc4250cfff208d046816abe20e1e53556ffa6f166825279e1db92c68"", ""verification_status"": ""source_compared_AI""}"
แผ่นข้าวโพดอบกรอบ,Corn flakes,ข้าว-แป้ง,100 กรัม,100,373,7.3,83.1,0.5,3.4,ASEAN-FCD-2014-INMU:AAA29,"{""carb_definition"": ""available"", ""fiber_definition"": ""total_dietary"", ""human_review_status"": ""pending"", ""portion_basis"": ""source_weight"", ""source_basis"": ""per_100g"", ""source_comparison"": ""pdf_text_compared"", ""source_path"": ""knowledge\\sources\\evidence-2026-10-01\\ASEAN-2014.pdf"", ""source_pdf_page"": 34, ""source_sha256"": ""121ea627bc4250cfff208d046816abe20e1e53556ffa6f166825279e1db92c68"", ""verification_status"": ""source_compared_AI""}"
"ข้าวโพด, เหลือง, ฝัก, ต้ม","Corn, yellow, on the cob, boiled Mais sa busal, dilaw, nilaga",ข้าว-แป้ง,100 กรัม,100,142,3.8,19.4,4.3,5,ASEAN-FCD-2014-INMU:AAA37,"{""carb_definition"": ""available"", ""fiber_definition"": ""total_dietary"", ""human_review_status"": ""pending"", ""portion_basis"": ""source_weight"", ""source_basis"": ""per_100g"", ""source_comparison"": ""pdf_text_compared"", ""source_path"": ""knowledge\\sources\\evidence-2026-10-01\\ASEAN-2014.pdf"", ""source_pdf_page"": 34, ""source_sha256"": ""121ea627bc4250cfff208d046816abe20e1e53556ffa6f166825279e1db92c68"", ""verification_status"": ""source_compared_AI""}"
"เส้นหมี่, อบ/ตาก, แห้ง","Noodle, rice, vermicelli, dried",ข้าว-แป้ง,100 กรัม,100,374,6.1,85.1,0.7,1.3,ASEAN-FCD-2014-INMU:AAA78,"{""carb_definition"": ""available"", ""fiber_definition"": ""total_dietary"", ""human_review_status"": ""pending"", ""portion_basis"": ""source_weight"", ""source_basis"": ""per_100g"", ""source_comparison"": ""pdf_text_compared"", ""source_path"": ""knowledge\\sources\\evidence-2026-10-01\\ASEAN-2014.pdf"", ""source_pdf_page"": 34, ""source_sha256"": ""121ea627bc4250cfff208d046816abe20e1e53556ffa6f166825279e1db92c68"", ""verification_status"": ""source_compared_AI""}"
"ก๋วยเตี๋ยวเส้นใหญ่, สด","Noodle, rice, fresh, kuih-teow Kuih-teow",ข้าว-แป้ง,100 กรัม,100,150,3,32.4,0.9,0.1,ASEAN-FCD-2014-INMU:AAA50,"{""carb_definition"": ""available"", ""fiber_definition"": ""total_dietary"", ""human_review_status"": ""pending"", ""portion_basis"": ""source_weight"", ""source_basis"": ""per_100g"", ""source_comparison"": ""pdf_text_compared"", ""source_path"": ""knowledge\\sources\\evidence-2026-10-01\\ASEAN-2014.pdf"", ""source_pdf_page"": 34, ""source_sha256"": ""121ea627bc4250cfff208d046816abe20e1e53556ffa6f166825279e1db92c68"", ""verification_status"": ""source_compared_AI""}"
ข้าวเหนียวดำ,"Rice, glutinous, black, polished, raw Pulut hitam",ข้าว-แป้ง,100 กรัม,100,347,8.5,69.9,2.6,4.9,ASEAN-FCD-2014-INMU:AAA59,"{""carb_definition"": ""available"", ""fiber_definition"": ""total_dietary"", ""human_review_status"": ""pending"", ""portion_basis"": ""source_weight"", ""source_basis"": ""per_100g"", ""source_comparison"": ""pdf_text_compared"", ""source_path"": ""knowledge\\sources\\evidence-2026-10-01\\ASEAN-2014.pdf"", ""source_pdf_page"": 34, ""source_sha256"": ""121ea627bc4250cfff208d046816abe20e1e53556ffa6f166825279e1db92c68"", ""verification_status"": ""source_compared_AI""}"
ข้าวเหนียว,"MYA23 Rice, glutinous, white, polished, raw Pulut putih",ข้าว-แป้ง,100 กรัม,100,354,7.3,77.4,1.5,0.6,ASEAN-FCD-2014-INMU:VNA1,"{""carb_definition"": ""available"", ""fiber_definition"": ""total_dietary"", ""human_review_status"": ""pending"", ""portion_basis"": ""source_weight"", ""source_basis"": ""per_100g"", ""source_comparison"": ""pdf_text_compared"", ""source_path"": ""knowledge\\sources\\evidence-2026-10-01\\ASEAN-2014.pdf"", ""source_pdf_page"": 34, ""source_sha256"": ""121ea627bc4250cfff208d046816abe20e1e53556ffa6f166825279e1db92c68"", ""verification_status"": ""source_compared_AI""}"
ข้าวมันปู,"Rice, red, undermilled, raw Bigas, mapula",ข้าว-แป้ง,100 กรัม,100,356,6.8,74.2,2.7,4,ASEAN-FCD-2014-INMU:AAA69,"{""carb_definition"": ""available"", ""fiber_definition"": ""total_dietary"", ""human_review_status"": ""pending"", ""portion_basis"": ""source_weight"", ""source_basis"": ""per_100g"", ""source_comparison"": ""pdf_text_compared"", ""source_path"": ""knowledge\\sources\\evidence-2026-10-01\\ASEAN-2014.pdf"", ""source_pdf_page"": 34, ""source_sha256"": ""121ea627bc4250cfff208d046816abe20e1e53556ffa6f166825279e1db92c68"", ""verification_status"": ""source_compared_AI""}"
"ข้าวเจ้า, สุก","Rice, white, polished, cooked Nasi",ข้าว-แป้ง,100 กรัม,100,129,2.2,29.4,0.2,0.6,ASEAN-FCD-2014-INMU:MYA14,"{""carb_definition"": ""available"", ""fiber_definition"": ""total_dietary"", ""human_review_status"": ""pending"", ""portion_basis"": ""source_weight"", ""source_basis"": ""per_100g"", ""source_comparison"": ""pdf_text_compared"", ""source_path"": ""knowledge\\sources\\evidence-2026-10-01\\ASEAN-2014.pdf"", ""source_pdf_page"": 34, ""source_sha256"": ""121ea627bc4250cfff208d046816abe20e1e53556ffa6f166825279e1db92c68"", ""verification_status"": ""source_compared_AI""}"
"ข้าวเจ้า, พันธุ์ต่างๆ","VNA2 Rice, white, polished, raw Beras kilang",ข้าว-แป้ง,100 กรัม,100,354,6.8,79.7,0.7,0.6,ASEAN-FCD-2014-INMU:MYA17,"{""carb_definition"": ""available"", ""fiber_definition"": ""total_dietary"", ""human_review_status"": ""pending"", ""portion_basis"": ""source_weight"", ""source_basis"": ""per_100g"", ""source_comparison"": ""pdf_text_compared"", ""source_path"": ""knowledge\\sources\\evidence-2026-10-01\\ASEAN-2014.pdf"", ""source_pdf_page"": 34, ""source_sha256"": ""121ea627bc4250cfff208d046816abe20e1e53556ffa6f166825279e1db92c68"", ""verification_status"": ""source_compared_AI""}"
ข้าวกล้อง,"Rice, whole-grain, milled by machine, raw Beras, tidak dikilang",ข้าว-แป้ง,100 กรัม,100,353,7.9,74.1,2.1,2.8,ASEAN-FCD-2014-INMU:MYA15,"{""carb_definition"": ""available"", ""fiber_definition"": ""total_dietary"", ""human_review_status"": ""pending"", ""portion_basis"": ""source_weight"", ""source_basis"": ""per_100g"", ""source_comparison"": ""pdf_text_compared"", ""source_path"": ""knowledge\\sources\\evidence-2026-10-01\\ASEAN-2014.pdf"", ""source_pdf_page"": 34, ""source_sha256"": ""121ea627bc4250cfff208d046816abe20e1e53556ffa6f166825279e1db92c68"", ""verification_status"": ""source_compared_AI""}"
มันสำปะหลัง,"MYB72 Cassava, tuber, fresh, raw Ubi Kayu",หัวและมันต่าง ๆ,100 กรัม,100,146,0.8,34.5,0.2,1.7,ASEAN-FCD-2014-INMU:THB12,"{""carb_definition"": ""available"", ""fiber_definition"": ""total_dietary"", ""human_review_status"": ""pending"", ""portion_basis"": ""source_weight"", ""source_basis"": ""per_100g"", ""source_comparison"": ""pdf_text_compared"", ""source_path"": ""knowledge\\sources\\evidence-2026-10-01\\ASEAN-2014.pdf"", ""source_pdf_page"": 35, ""source_sha256"": ""121ea627bc4250cfff208d046816abe20e1e53556ffa6f166825279e1db92c68"", ""verification_status"": ""source_compared_AI""}"
มันฝรั่ง,"Potato, fresh, raw Ubi kentang",หัวและมันต่าง ๆ,100 กรัม,100,76,2.2,15.7,0.1,1.6,ASEAN-FCD-2014-INMU:MYB66,"{""carb_definition"": ""available"", ""fiber_definition"": ""total_dietary"", ""human_review_status"": ""pending"", ""portion_basis"": ""source_weight"", ""source_basis"": ""per_100g"", ""source_comparison"": ""pdf_text_compared"", ""source_path"": ""knowledge\\sources\\evidence-2026-10-01\\ASEAN-2014.pdf"", ""source_pdf_page"": 35, ""source_sha256"": ""121ea627bc4250cfff208d046816abe20e1e53556ffa6f166825279e1db92c68"", ""verification_status"": ""source_compared_AI""}"
เผือก,"VNB43 Taro, fresh, raw Ubi keladi Cina",หัวและมันต่าง ๆ,100 กรัม,100,117,1.7,26.1,0.1,2.4,ASEAN-FCD-2014-INMU:THB7,"{""carb_definition"": ""available"", ""fiber_definition"": ""total_dietary"", ""human_review_status"": ""pending"", ""portion_basis"": ""source_weight"", ""source_basis"": ""per_100g"", ""source_comparison"": ""pdf_text_compared"", ""source_path"": ""knowledge\\sources\\evidence-2026-10-01\\ASEAN-2014.pdf"", ""source_pdf_page"": 35, ""source_sha256"": ""121ea627bc4250cfff208d046816abe20e1e53556ffa6f166825279e1db92c68"", ""verification_status"": ""source_compared_AI""}"
"ถั่วดำ, เมล็ดแห้ง","Bean, black, dried, raw",ถั่วและเมล็ด,100 กรัม,100,305,21.3,40,1.9,21.3,ASEAN-FCD-2014-INMU:THC6,"{""carb_definition"": ""available"", ""fiber_definition"": ""total_dietary"", ""human_review_status"": ""pending"", ""portion_basis"": ""source_weight"", ""source_basis"": ""per_100g"", ""source_comparison"": ""pdf_text_compared"", ""source_path"": ""knowledge\\sources\\evidence-2026-10-01\\ASEAN-2014.pdf"", ""source_pdf_page"": 36, ""source_sha256"": ""121ea627bc4250cfff208d046816abe20e1e53556ffa6f166825279e1db92c68"", ""verification_status"": ""source_compared_AI""}"
"มะม่วงหิมพานต์, เมล็ดสด","Cashew nut, fresh, raw",ถั่วและเมล็ด,100 กรัม,100,299,11.6,9.2,23,4.5,ASEAN-FCD-2014-INMU:AAC16,"{""carb_definition"": ""available"", ""fiber_definition"": ""total_dietary"", ""human_review_status"": ""pending"", ""portion_basis"": ""source_weight"", ""source_basis"": ""per_100g"", ""source_comparison"": ""pdf_text_compared"", ""source_path"": ""knowledge\\sources\\evidence-2026-10-01\\ASEAN-2014.pdf"", ""source_pdf_page"": 36, ""source_sha256"": ""121ea627bc4250cfff208d046816abe20e1e53556ffa6f166825279e1db92c68"", ""verification_status"": ""source_compared_AI""}"
"ลูกเดือย, ดิบ","Job's tears, seed, whole",ถั่วและเมล็ด,100 กรัม,100,359,14.6,67.6,2.6,3.6,ASEAN-FCD-2014-INMU:AAC47,"{""carb_definition"": ""available"", ""fiber_definition"": ""total_dietary"", ""human_review_status"": ""pending"", ""portion_basis"": ""source_weight"", ""source_basis"": ""per_100g"", ""source_comparison"": ""pdf_text_compared"", ""source_path"": ""knowledge\\sources\\evidence-2026-10-01\\ASEAN-2014.pdf"", ""source_pdf_page"": 36, ""source_sha256"": ""121ea627bc4250cfff208d046816abe20e1e53556ffa6f166825279e1db92c68"", ""verification_status"": ""source_compared_AI""}"
"วุ้นเส้น, ถั่วเขียว 100 %","Mungbean noodle, dried, raw Sotanghon",ถั่วและเมล็ด,100 กรัม,100,345,0.2,83.2,0.2,4.8,ASEAN-FCD-2014-INMU:AAC53,"{""carb_definition"": ""available"", ""fiber_definition"": ""total_dietary"", ""human_review_status"": ""pending"", ""portion_basis"": ""source_weight"", ""source_basis"": ""per_100g"", ""source_comparison"": ""pdf_text_compared"", ""source_path"": ""knowledge\\sources\\evidence-2026-10-01\\ASEAN-2014.pdf"", ""source_pdf_page"": 36, ""source_sha256"": ""121ea627bc4250cfff208d046816abe20e1e53556ffa6f166825279e1db92c68"", ""verification_status"": ""source_compared_AI""}"
"วุ้นเส้นกึ่งสำเร็จรูป, พร้อมเครื่องปรุง, รสต่างๆ","Mungbean noodle, instant, w/ seasonings, mixed flavoures",ถั่วและเมล็ด,100 กรัม,100,353,1.8,70.1,6.9,1.5,ASEAN-FCD-2014-INMU:AAC61,"{""carb_definition"": ""available"", ""fiber_definition"": ""total_dietary"", ""human_review_status"": ""pending"", ""portion_basis"": ""source_weight"", ""source_basis"": ""per_100g"", ""source_comparison"": ""pdf_text_compared"", ""source_path"": ""knowledge\\sources\\evidence-2026-10-01\\ASEAN-2014.pdf"", ""source_pdf_page"": 36, ""source_sha256"": ""121ea627bc4250cfff208d046816abe20e1e53556ffa6f166825279e1db92c68"", ""verification_status"": ""source_compared_AI""}"
"ถั่วเขียว, เมล็ดแห้ง","VNC71 Mungbean, seed, green, dried, raw Kacang hijau",ถั่วและเมล็ด,100 กรัม,100,301,23.2,34.7,1.9,26.1,ASEAN-FCD-2014-INMU:MYC83,"{""carb_definition"": ""available"", ""fiber_definition"": ""total_dietary"", ""human_review_status"": ""pending"", ""portion_basis"": ""source_weight"", ""source_basis"": ""per_100g"", ""source_comparison"": ""pdf_text_compared"", ""source_path"": ""knowledge\\sources\\evidence-2026-10-01\\ASEAN-2014.pdf"", ""source_pdf_page"": 36, ""source_sha256"": ""121ea627bc4250cfff208d046816abe20e1e53556ffa6f166825279e1db92c68"", ""verification_status"": ""source_compared_AI""}"
ถั่วทอง,"Mungbean, seed, splited, dried, dehulled, raw (Golden gram) Munggo buto, dilaw, tuyo",ถั่วและเมล็ด,100 กรัม,100,329,24.5,47.9,1.2,14.2,ASEAN-FCD-2014-INMU:AAC58,"{""carb_definition"": ""available"", ""fiber_definition"": ""total_dietary"", ""human_review_status"": ""pending"", ""portion_basis"": ""source_weight"", ""source_basis"": ""per_100g"", ""source_comparison"": ""pdf_text_compared"", ""source_path"": ""knowledge\\sources\\evidence-2026-10-01\\ASEAN-2014.pdf"", ""source_pdf_page"": 36, ""source_sha256"": ""121ea627bc4250cfff208d046816abe20e1e53556ffa6f166825279e1db92c68"", ""verification_status"": ""source_compared_AI""}"
"ถั่วลิสง, เมล็ดแห้ง","Peanut/Groundnut, seed, w/ skin, dried, raw Kacang tanah tanpa kulit",ถั่วและเมล็ด,100 กรัม,100,543,24.9,5.2,43,18,ASEAN-FCD-2014-INMU:AAC63,"{""carb_definition"": ""available"", ""fiber_definition"": ""total_dietary"", ""human_review_status"": ""pending"", ""portion_basis"": ""source_weight"", ""source_basis"": ""per_100g"", ""source_comparison"": ""pdf_text_compared"", ""source_path"": ""knowledge\\sources\\evidence-2026-10-01\\ASEAN-2014.pdf"", ""source_pdf_page"": 36, ""source_sha256"": ""121ea627bc4250cfff208d046816abe20e1e53556ffa6f166825279e1db92c68"", ""verification_status"": ""source_compared_AI""}"
"เมล็ดฟักทอง, พันธุ์ต่างๆ, แกะเปลือก, คั่ว","Pumpkin, seed, w/o shell, roasted",ถั่วและเมล็ด,100 กรัม,100,594,25.6,9.7,49.1,5.2,ASEAN-FCD-2014-INMU:AAC121,"{""carb_definition"": ""available"", ""fiber_definition"": ""total_dietary"", ""human_review_status"": ""pending"", ""portion_basis"": ""source_weight"", ""source_basis"": ""per_100g"", ""source_comparison"": ""pdf_text_compared"", ""source_path"": ""knowledge\\sources\\evidence-2026-10-01\\ASEAN-2014.pdf"", ""source_pdf_page"": 36, ""source_sha256"": ""121ea627bc4250cfff208d046816abe20e1e53556ffa6f166825279e1db92c68"", ""verification_status"": ""source_compared_AI""}"
"เมล็ดฟักทอง, พันธุ์ต่างๆ, แกะเปลือก, อบเกลือ","Pumpkin, seed, w/o shell, baked, salted",ถั่วและเมล็ด,100 กรัม,100,555,22.9,10,45.7,5.9,ASEAN-FCD-2014-INMU:AAC123,"{""carb_definition"": ""available"", ""fiber_definition"": ""total_dietary"", ""human_review_status"": ""pending"", ""portion_basis"": ""source_weight"", ""source_basis"": ""per_100g"", ""source_comparison"": ""pdf_text_compared"", ""source_path"": ""knowledge\\sources\\evidence-2026-10-01\\ASEAN-2014.pdf"", ""source_pdf_page"": 36, ""source_sha256"": ""121ea627bc4250cfff208d046816abe20e1e53556ffa6f166825279e1db92c68"", ""verification_status"": ""source_compared_AI""}"
"เมล็ดฟักทอง, พันธุ์ต่างๆ, แกะเปลือก, สด","Pumpkin, seed, w/o shell, fresh, raw",ถั่วและเมล็ด,100 กรัม,100,384,16.8,2.8,32.5,6.7,ASEAN-FCD-2014-INMU:AAC122,"{""carb_definition"": ""available"", ""fiber_definition"": ""total_dietary"", ""human_review_status"": ""pending"", ""portion_basis"": ""source_weight"", ""source_basis"": ""per_100g"", ""source_comparison"": ""pdf_text_compared"", ""source_path"": ""knowledge\\sources\\evidence-2026-10-01\\ASEAN-2014.pdf"", ""source_pdf_page"": 36, ""source_sha256"": ""121ea627bc4250cfff208d046816abe20e1e53556ffa6f166825279e1db92c68"", ""verification_status"": ""source_compared_AI""}"
"ถั่วแดง, เมล็ดแห้ง","Rice bean, seed, red, dried, raw",ถั่วและเมล็ด,100 กรัม,100,300,22.5,33.9,2.1,27.8,ASEAN-FCD-2014-INMU:AAC72,"{""carb_definition"": ""available"", ""fiber_definition"": ""total_dietary"", ""human_review_status"": ""pending"", ""portion_basis"": ""source_weight"", ""source_basis"": ""per_100g"", ""source_comparison"": ""pdf_text_compared"", ""source_path"": ""knowledge\\sources\\evidence-2026-10-01\\ASEAN-2014.pdf"", ""source_pdf_page"": 37, ""source_sha256"": ""121ea627bc4250cfff208d046816abe20e1e53556ffa6f166825279e1db92c68"", ""verification_status"": ""source_compared_AI""}"
งาดำ,"Sesame, seed, black, dried, raw",ถั่วและเมล็ด,100 กรัม,100,555,19.4,6.3,46,19.2,ASEAN-FCD-2014-INMU:AAC73,"{""carb_definition"": ""available"", ""fiber_definition"": ""total_dietary"", ""human_review_status"": ""pending"", ""portion_basis"": ""source_weight"", ""source_basis"": ""per_100g"", ""source_comparison"": ""pdf_text_compared"", ""source_path"": ""knowledge\\sources\\evidence-2026-10-01\\ASEAN-2014.pdf"", ""source_pdf_page"": 37, ""source_sha256"": ""121ea627bc4250cfff208d046816abe20e1e53556ffa6f166825279e1db92c68"", ""verification_status"": ""source_compared_AI""}"
งาขาว,"Sesame, seed, white, dried, raw Linga, tuyo",ถั่วและเมล็ด,100 กรัม,100,602,22.8,0,52,21.6,ASEAN-FCD-2014-INMU:AAC74,"{""carb_definition"": ""available"", ""fiber_definition"": ""total_dietary"", ""human_review_status"": ""pending"", ""portion_basis"": ""source_weight"", ""source_basis"": ""per_100g"", ""source_comparison"": ""pdf_text_compared"", ""source_path"": ""knowledge\\sources\\evidence-2026-10-01\\ASEAN-2014.pdf"", ""source_pdf_page"": 37, ""source_sha256"": ""121ea627bc4250cfff208d046816abe20e1e53556ffa6f166825279e1db92c68"", ""verification_status"": ""source_compared_AI""}"
"ผงถั่วเหลือง, ชนิดไขมันเต็ม","Soybean flour, full-fat",ถั่วและเมล็ด,100 กรัม,100,449,36.2,24.9,21.4,6,ASEAN-FCD-2014-INMU:AAC126,"{""carb_definition"": ""available"", ""fiber_definition"": ""total_dietary"", ""human_review_status"": ""pending"", ""portion_basis"": ""source_weight"", ""source_basis"": ""per_100g"", ""source_comparison"": ""pdf_text_compared"", ""source_path"": ""knowledge\\sources\\evidence-2026-10-01\\ASEAN-2014.pdf"", ""source_pdf_page"": 37, ""source_sha256"": ""121ea627bc4250cfff208d046816abe20e1e53556ffa6f166825279e1db92c68"", ""verification_status"": ""source_compared_AI""}"
"ถั่วเหลือง, เมล็ดแห้ง","Soybean, seed, yellow, dried, raw Kacang soya putih",ถั่วและเมล็ด,100 กรัม,100,389,34.6,11.6,17.8,22,ASEAN-FCD-2014-INMU:MYC88,"{""carb_definition"": ""available"", ""fiber_definition"": ""total_dietary"", ""human_review_status"": ""pending"", ""portion_basis"": ""source_weight"", ""source_basis"": ""per_100g"", ""source_comparison"": ""pdf_text_compared"", ""source_path"": ""knowledge\\sources\\evidence-2026-10-01\\ASEAN-2014.pdf"", ""source_pdf_page"": 37, ""source_sha256"": ""121ea627bc4250cfff208d046816abe20e1e53556ffa6f166825279e1db92c68"", ""verification_status"": ""source_compared_AI""}"
"ถั่วลันเตา, เคลือบ, อบกรอบ","Sugar pea,coated, baked",ถั่วและเมล็ด,100 กรัม,100,457,17.9,49.9,18.9,7.7,ASEAN-FCD-2014-INMU:AAC130,"{""carb_definition"": ""available"", ""fiber_definition"": ""total_dietary"", ""human_review_status"": ""pending"", ""portion_basis"": ""source_weight"", ""source_basis"": ""per_100g"", ""source_comparison"": ""pdf_text_compared"", ""source_path"": ""knowledge\\sources\\evidence-2026-10-01\\ASEAN-2014.pdf"", ""source_pdf_page"": 37, ""source_sha256"": ""121ea627bc4250cfff208d046816abe20e1e53556ffa6f166825279e1db92c68"", ""verification_status"": ""source_compared_AI""}"
ชะอม,"Acacia pennata (Cha-om), leaf",ผัก,100 กรัม,100,59,10.5,1.3,0.5,3.9,ASEAN-FCD-2014-INMU:AAD36,"{""carb_definition"": ""available"", ""fiber_definition"": ""total_dietary"", ""human_review_status"": ""pending"", ""portion_basis"": ""source_weight"", ""source_basis"": ""per_100g"", ""source_comparison"": ""pdf_text_compared"", ""source_path"": ""knowledge\\sources\\evidence-2026-10-01\\ASEAN-2014.pdf"", ""source_pdf_page"": 38, ""source_sha256"": ""121ea627bc4250cfff208d046816abe20e1e53556ffa6f166825279e1db92c68"", ""verification_status"": ""source_compared_AI""}"
ผักโขมน้อย,"Amaranth, spineless, fresh, raw",ผัก,100 กรัม,100,27,3.6,0.2,0.5,3.8,ASEAN-FCD-2014-INMU:AAD2,"{""carb_definition"": ""available"", ""fiber_definition"": ""total_dietary"", ""human_review_status"": ""pending"", ""portion_basis"": ""source_weight"", ""source_basis"": ""per_100g"", ""source_comparison"": ""pdf_text_compared"", ""source_path"": ""knowledge\\sources\\evidence-2026-10-01\\ASEAN-2014.pdf"", ""source_pdf_page"": 38, ""source_sha256"": ""121ea627bc4250cfff208d046816abe20e1e53556ffa6f166825279e1db92c68"", ""verification_status"": ""source_compared_AI""}"
หน่อไม้ผรั่ง,"Asparagus, fresh, raw Asparagus",ผัก,100 กรัม,100,21,2.6,0.3,0.4,2.8,ASEAN-FCD-2014-INMU:AAD4,"{""carb_definition"": ""available"", ""fiber_definition"": ""total_dietary"", ""human_review_status"": ""pending"", ""portion_basis"": ""source_weight"", ""source_basis"": ""per_100g"", ""source_comparison"": ""pdf_text_compared"", ""source_path"": ""knowledge\\sources\\evidence-2026-10-01\\ASEAN-2014.pdf"", ""source_pdf_page"": 38, ""source_sha256"": ""121ea627bc4250cfff208d046816abe20e1e53556ffa6f166825279e1db92c68"", ""verification_status"": ""source_compared_AI""}"
หน่อไม้ไผ่ป่า,"VND132 Bamboo shoot, spring variety, fresh, raw Rebung",ผัก,100 กรัม,100,23,2,0,0.4,5.7,ASEAN-FCD-2014-INMU:PHD010,"{""carb_definition"": ""available"", ""fiber_definition"": ""total_dietary"", ""human_review_status"": ""pending"", ""portion_basis"": ""source_weight"", ""source_basis"": ""per_100g"", ""source_comparison"": ""pdf_text_compared"", ""source_path"": ""knowledge\\sources\\evidence-2026-10-01\\ASEAN-2014.pdf"", ""source_pdf_page"": 38, ""source_sha256"": ""121ea627bc4250cfff208d046816abe20e1e53556ffa6f166825279e1db92c68"", ""verification_status"": ""source_compared_AI""}"
หัวปลี,"Banana, flower and bud, fresh, raw Jantung pisang",ผัก,100 กรัม,100,32,1.6,3.1,0.7,3.2,ASEAN-FCD-2014-INMU:AAD10,"{""carb_definition"": ""available"", ""fiber_definition"": ""total_dietary"", ""human_review_status"": ""pending"", ""portion_basis"": ""source_weight"", ""source_basis"": ""per_100g"", ""source_comparison"": ""pdf_text_compared"", ""source_path"": ""knowledge\\sources\\evidence-2026-10-01\\ASEAN-2014.pdf"", ""source_pdf_page"": 38, ""source_sha256"": ""121ea627bc4250cfff208d046816abe20e1e53556ffa6f166825279e1db92c68"", ""verification_status"": ""source_compared_AI""}"
ถั่วแขก,"PHD206 Bean, mixed variety, pod, fresh, raw Kacang buncis",ผัก,100 กรัม,100,35,2.1,5.9,0.2,0.5,ASEAN-FCD-2014-INMU:AAD15,"{""carb_definition"": ""available"", ""fiber_definition"": ""total_dietary"", ""human_review_status"": ""pending"", ""portion_basis"": ""source_weight"", ""source_basis"": ""per_100g"", ""source_comparison"": ""pdf_text_compared"", ""source_path"": ""knowledge\\sources\\evidence-2026-10-01\\ASEAN-2014.pdf"", ""source_pdf_page"": 38, ""source_sha256"": ""121ea627bc4250cfff208d046816abe20e1e53556ffa6f166825279e1db92c68"", ""verification_status"": ""source_compared_AI""}"
พริกยักษ์/พริกหวาน,"PHD170 Bell pepper, green, capsicum, fresh, raw Lada hijau besar",ผัก,100 กรัม,100,23,1.1,3.2,0.3,1.7,ASEAN-FCD-2014-INMU:MYD196,"{""carb_definition"": ""available"", ""fiber_definition"": ""total_dietary"", ""human_review_status"": ""pending"", ""portion_basis"": ""source_weight"", ""source_basis"": ""per_100g"", ""source_comparison"": ""pdf_text_compared"", ""source_path"": ""knowledge\\sources\\evidence-2026-10-01\\ASEAN-2014.pdf"", ""source_pdf_page"": 38, ""source_sha256"": ""121ea627bc4250cfff208d046816abe20e1e53556ffa6f166825279e1db92c68"", ""verification_status"": ""source_compared_AI""}"
บร็อคโคลี่,"Broccoli, fresh, raw Brokoli",ผัก,100 กรัม,100,26,3.4,1.4,0.1,2.9,ASEAN-FCD-2014-INMU:AAD22,"{""carb_definition"": ""available"", ""fiber_definition"": ""total_dietary"", ""human_review_status"": ""pending"", ""portion_basis"": ""source_weight"", ""source_basis"": ""per_100g"", ""source_comparison"": ""pdf_text_compared"", ""source_path"": ""knowledge\\sources\\evidence-2026-10-01\\ASEAN-2014.pdf"", ""source_pdf_page"": 38, ""source_sha256"": ""121ea627bc4250cfff208d046816abe20e1e53556ffa6f166825279e1db92c68"", ""verification_status"": ""source_compared_AI""}"
ผักกาดขาว/ ผักกาดขาวใบห่อ,"PHD160 Cabbage, Chinese, fresh, raw Pak-coy",ผัก,100 กรัม,100,18,1.7,1.5,0.2,1.7,ASEAN-FCD-2014-INMU:VND99,"{""carb_definition"": ""available"", ""fiber_definition"": ""total_dietary"", ""human_review_status"": ""pending"", ""portion_basis"": ""source_weight"", ""source_basis"": ""per_100g"", ""source_comparison"": ""pdf_text_compared"", ""source_path"": ""knowledge\\sources\\evidence-2026-10-01\\ASEAN-2014.pdf"", ""source_pdf_page"": 38, ""source_sha256"": ""121ea627bc4250cfff208d046816abe20e1e53556ffa6f166825279e1db92c68"", ""verification_status"": ""source_compared_AI""}"
ผักกวางตุ้ง,"Cabbage, Chinese/ Flowering white cabbage, raw",ผัก,100 กรัม,100,20,1.9,1.5,0.2,2.1,ASEAN-FCD-2014-INMU:AAD56,"{""carb_definition"": ""available"", ""fiber_definition"": ""total_dietary"", ""human_review_status"": ""pending"", ""portion_basis"": ""source_weight"", ""source_basis"": ""per_100g"", ""source_comparison"": ""pdf_text_compared"", ""source_path"": ""knowledge\\sources\\evidence-2026-10-01\\ASEAN-2014.pdf"", ""source_pdf_page"": 38, ""source_sha256"": ""121ea627bc4250cfff208d046816abe20e1e53556ffa6f166825279e1db92c68"", ""verification_status"": ""source_compared_AI""}"
กระหล่ำปลี,"Cabbage, common, fresh, raw Kobis",ผัก,100 กรัม,100,25,1.5,3.2,0.3,1.9,ASEAN-FCD-2014-INMU:PHD035,"{""carb_definition"": ""available"", ""fiber_definition"": ""total_dietary"", ""human_review_status"": ""pending"", ""portion_basis"": ""source_weight"", ""source_basis"": ""per_100g"", ""source_comparison"": ""pdf_text_compared"", ""source_path"": ""knowledge\\sources\\evidence-2026-10-01\\ASEAN-2014.pdf"", ""source_pdf_page"": 38, ""source_sha256"": ""121ea627bc4250cfff208d046816abe20e1e53556ffa6f166825279e1db92c68"", ""verification_status"": ""source_compared_AI""}"
แครอท,"PHD039 Carrot, raw Lobak merah",ผัก,100 กรัม,100,35,1.5,4.9,0.2,4,ASEAN-FCD-2014-INMU:MYD145,"{""carb_definition"": ""available"", ""fiber_definition"": ""total_dietary"", ""human_review_status"": ""pending"", ""portion_basis"": ""source_weight"", ""source_basis"": ""per_100g"", ""source_comparison"": ""pdf_text_compared"", ""source_path"": ""knowledge\\sources\\evidence-2026-10-01\\ASEAN-2014.pdf"", ""source_pdf_page"": 38, ""source_sha256"": ""121ea627bc4250cfff208d046816abe20e1e53556ffa6f166825279e1db92c68"", ""verification_status"": ""source_compared_AI""}"
"มันสัมปะหลัง, ยอด","PHD043 Cassava, young leaf and top, raw Pucuk ubi kayu",ผัก,100 กรัม,100,65,6.3,6.1,0.7,4.6,ASEAN-FCD-2014-INMU:MYD224,"{""carb_definition"": ""available"", ""fiber_definition"": ""total_dietary"", ""human_review_status"": ""pending"", ""portion_basis"": ""source_weight"", ""source_basis"": ""per_100g"", ""source_comparison"": ""pdf_text_compared"", ""source_path"": ""knowledge\\sources\\evidence-2026-10-01\\ASEAN-2014.pdf"", ""source_pdf_page"": 39, ""source_sha256"": ""121ea627bc4250cfff208d046816abe20e1e53556ffa6f166825279e1db92c68"", ""verification_status"": ""source_compared_AI""}"
"ขี้เหล็ก, ใบ","Cassia, leaf, raw",ผัก,100 กรัม,100,104,6.3,15.1,0.7,5.8,ASEAN-FCD-2014-INMU:AAD32,"{""carb_definition"": ""available"", ""fiber_definition"": ""total_dietary"", ""human_review_status"": ""pending"", ""portion_basis"": ""source_weight"", ""source_basis"": ""per_100g"", ""source_comparison"": ""pdf_text_compared"", ""source_path"": ""knowledge\\sources\\evidence-2026-10-01\\ASEAN-2014.pdf"", ""source_pdf_page"": 39, ""source_sha256"": ""121ea627bc4250cfff208d046816abe20e1e53556ffa6f166825279e1db92c68"", ""verification_status"": ""source_compared_AI""}"
กระหล่ำดอก,"VN D167,PHD045 Cauliflower, inflorescence, raw Bunga kobis",ผัก,100 กรัม,100,30,2.6,3.9,0.1,1.7,ASEAN-FCD-2014-INMU:AAD34,"{""carb_definition"": ""available"", ""fiber_definition"": ""total_dietary"", ""human_review_status"": ""pending"", ""portion_basis"": ""source_weight"", ""source_basis"": ""per_100g"", ""source_comparison"": ""pdf_text_compared"", ""source_path"": ""knowledge\\sources\\evidence-2026-10-01\\ASEAN-2014.pdf"", ""source_pdf_page"": 39, ""source_sha256"": ""121ea627bc4250cfff208d046816abe20e1e53556ffa6f166825279e1db92c68"", ""verification_status"": ""source_compared_AI""}"
ผักคื่นช่าย,"PHD047 Celery, leaf and petiole, raw Daun seladeri",ผัก,100 กรัม,100,25,1.3,3.2,0.2,2.6,ASEAN-FCD-2014-INMU:AAD35,"{""carb_definition"": ""available"", ""fiber_definition"": ""total_dietary"", ""human_review_status"": ""pending"", ""portion_basis"": ""source_weight"", ""source_basis"": ""per_100g"", ""source_comparison"": ""pdf_text_compared"", ""source_path"": ""knowledge\\sources\\evidence-2026-10-01\\ASEAN-2014.pdf"", ""source_pdf_page"": 39, ""source_sha256"": ""121ea627bc4250cfff208d046816abe20e1e53556ffa6f166825279e1db92c68"", ""verification_status"": ""source_compared_AI""}"
ผักชี,"Coriander, leaf, raw Daun ketumbar / Yuen-sai",ผัก,100 กรัม,100,27,2.5,2.2,0.2,3,ASEAN-FCD-2014-INMU:THD87,"{""carb_definition"": ""available"", ""fiber_definition"": ""total_dietary"", ""human_review_status"": ""pending"", ""portion_basis"": ""source_weight"", ""source_basis"": ""per_100g"", ""source_comparison"": ""pdf_text_compared"", ""source_path"": ""knowledge\\sources\\evidence-2026-10-01\\ASEAN-2014.pdf"", ""source_pdf_page"": 39, ""source_sha256"": ""121ea627bc4250cfff208d046816abe20e1e53556ffa6f166825279e1db92c68"", ""verification_status"": ""source_compared_AI""}"
ข้าวโพดอ่อน,"Corn, baby",ผัก,100 กรัม,100,27,1.9,3.6,0.2,1.5,ASEAN-FCD-2014-INMU:AAD42,"{""carb_definition"": ""available"", ""fiber_definition"": ""total_dietary"", ""human_review_status"": ""pending"", ""portion_basis"": ""source_weight"", ""source_basis"": ""per_100g"", ""source_comparison"": ""pdf_text_compared"", ""source_path"": ""knowledge\\sources\\evidence-2026-10-01\\ASEAN-2014.pdf"", ""source_pdf_page"": 39, ""source_sha256"": ""121ea627bc4250cfff208d046816abe20e1e53556ffa6f166825279e1db92c68"", ""verification_status"": ""source_compared_AI""}"
"ถั่วพุ่ม, ฝักสด","Cowpea, mixed variety, pod, fresh, raw Paayap bunga",ผัก,100 กรัม,100,45,4.1,4.8,0.2,4,ASEAN-FCD-2014-INMU:PHD063,"{""carb_definition"": ""available"", ""fiber_definition"": ""total_dietary"", ""human_review_status"": ""pending"", ""portion_basis"": ""source_weight"", ""source_basis"": ""per_100g"", ""source_comparison"": ""pdf_text_compared"", ""source_path"": ""knowledge\\sources\\evidence-2026-10-01\\ASEAN-2014.pdf"", ""source_pdf_page"": 39, ""source_sha256"": ""121ea627bc4250cfff208d046816abe20e1e53556ffa6f166825279e1db92c68"", ""verification_status"": ""source_compared_AI""}"
แตงร้าน,"PHD069 Cucumber, long Timun",ผัก,100 กรัม,100,16,0.6,2.8,0.1,0.7,ASEAN-FCD-2014-INMU:MYD158,"{""carb_definition"": ""available"", ""fiber_definition"": ""total_dietary"", ""human_review_status"": ""pending"", ""portion_basis"": ""source_weight"", ""source_basis"": ""per_100g"", ""source_comparison"": ""pdf_text_compared"", ""source_path"": ""knowledge\\sources\\evidence-2026-10-01\\ASEAN-2014.pdf"", ""source_pdf_page"": 39, ""source_sha256"": ""121ea627bc4250cfff208d046816abe20e1e53556ffa6f166825279e1db92c68"", ""verification_status"": ""source_compared_AI""}"
แตงกวา,"Cucumber, small",ผัก,100 กรัม,100,21,0.8,3.7,0.1,1,ASEAN-FCD-2014-INMU:AAD45,"{""carb_definition"": ""available"", ""fiber_definition"": ""total_dietary"", ""human_review_status"": ""pending"", ""portion_basis"": ""source_weight"", ""source_basis"": ""per_100g"", ""source_comparison"": ""pdf_text_compared"", ""source_path"": ""knowledge\\sources\\evidence-2026-10-01\\ASEAN-2014.pdf"", ""source_pdf_page"": 39, ""source_sha256"": ""121ea627bc4250cfff208d046816abe20e1e53556ffa6f166825279e1db92c68"", ""verification_status"": ""source_compared_AI""}"
มะเขือยาว,"Eggplant/aubergine, green, long, raw",ผัก,100 กรัม,100,22,1,3.2,0.1,2.3,ASEAN-FCD-2014-INMU:AAD50,"{""carb_definition"": ""available"", ""fiber_definition"": ""total_dietary"", ""human_review_status"": ""pending"", ""portion_basis"": ""source_weight"", ""source_basis"": ""per_100g"", ""source_comparison"": ""pdf_text_compared"", ""source_path"": ""knowledge\\sources\\evidence-2026-10-01\\ASEAN-2014.pdf"", ""source_pdf_page"": 39, ""source_sha256"": ""121ea627bc4250cfff208d046816abe20e1e53556ffa6f166825279e1db92c68"", ""verification_status"": ""source_compared_AI""}"
มะเขือเปราะ,"Eggplant/brinjal, raw",ผัก,100 กรัม,100,31,1.5,4.5,0.2,2.8,ASEAN-FCD-2014-INMU:AAD54,"{""carb_definition"": ""available"", ""fiber_definition"": ""total_dietary"", ""human_review_status"": ""pending"", ""portion_basis"": ""source_weight"", ""source_basis"": ""per_100g"", ""source_comparison"": ""pdf_text_compared"", ""source_path"": ""knowledge\\sources\\evidence-2026-10-01\\ASEAN-2014.pdf"", ""source_pdf_page"": 39, ""source_sha256"": ""121ea627bc4250cfff208d046816abe20e1e53556ffa6f166825279e1db92c68"", ""verification_status"": ""source_compared_AI""}"
"กระเทียม, ต้น","Garlic, leaf, raw Pucuk bawang putih",ผัก,100 กรัม,100,32,2.4,2.9,0.3,3.8,ASEAN-FCD-2014-INMU:PHD085,"{""carb_definition"": ""available"", ""fiber_definition"": ""total_dietary"", ""human_review_status"": ""pending"", ""portion_basis"": ""source_weight"", ""source_basis"": ""per_100g"", ""source_comparison"": ""pdf_text_compared"", ""source_path"": ""knowledge\\sources\\evidence-2026-10-01\\ASEAN-2014.pdf"", ""source_pdf_page"": 40, ""source_sha256"": ""121ea627bc4250cfff208d046816abe20e1e53556ffa6f166825279e1db92c68"", ""verification_status"": ""source_compared_AI""}"
"มะระ, ยอด(สะไล)","Gourd, bitter, leaf and top, raw Ampalaya dahon",ผัก,100 กรัม,100,68,4.5,0,4.5,4.5,ASEAN-FCD-2014-INMU:AAD59,"{""carb_definition"": ""available"", ""fiber_definition"": ""total_dietary"", ""human_review_status"": ""pending"", ""portion_basis"": ""source_weight"", ""source_basis"": ""per_100g"", ""source_comparison"": ""pdf_text_compared"", ""source_path"": ""knowledge\\sources\\evidence-2026-10-01\\ASEAN-2014.pdf"", ""source_pdf_page"": 40, ""source_sha256"": ""121ea627bc4250cfff208d046816abe20e1e53556ffa6f166825279e1db92c68"", ""verification_status"": ""source_compared_AI""}"
มะระจีน,"MYD166 Gourd, bitter, mixed variety, raw Peria",ผัก,100 กรัม,100,16,0.9,1.5,0.1,2.8,ASEAN-FCD-2014-INMU:VND134,"{""carb_definition"": ""available"", ""fiber_definition"": ""total_dietary"", ""human_review_status"": ""pending"", ""portion_basis"": ""source_weight"", ""source_basis"": ""per_100g"", ""source_comparison"": ""pdf_text_compared"", ""source_path"": ""knowledge\\sources\\evidence-2026-10-01\\ASEAN-2014.pdf"", ""source_pdf_page"": 40, ""source_sha256"": ""121ea627bc4250cfff208d046816abe20e1e53556ffa6f166825279e1db92c68"", ""verification_status"": ""source_compared_AI""}"
น้ำเต้า,"VND83 Gourd, bottle, raw Labu jantung",ผัก,100 กรัม,100,20,0.5,1.5,1,1.5,ASEAN-FCD-2014-INMU:MYD167,"{""carb_definition"": ""available"", ""fiber_definition"": ""total_dietary"", ""human_review_status"": ""pending"", ""portion_basis"": ""source_weight"", ""source_basis"": ""per_100g"", ""source_comparison"": ""pdf_text_compared"", ""source_path"": ""knowledge\\sources\\evidence-2026-10-01\\ASEAN-2014.pdf"", ""source_pdf_page"": 40, ""source_sha256"": ""121ea627bc4250cfff208d046816abe20e1e53556ffa6f166825279e1db92c68"", ""verification_status"": ""source_compared_AI""}"
บวบงู,"Gourd, snake, raw Ketola ular",ผัก,100 กรัม,100,17,0.8,2.1,0.1,2.1,ASEAN-FCD-2014-INMU:PHD205,"{""carb_definition"": ""available"", ""fiber_definition"": ""total_dietary"", ""human_review_status"": ""pending"", ""portion_basis"": ""source_weight"", ""source_basis"": ""per_100g"", ""source_comparison"": ""pdf_text_compared"", ""source_path"": ""knowledge\\sources\\evidence-2026-10-01\\ASEAN-2014.pdf"", ""source_pdf_page"": 40, ""source_sha256"": ""121ea627bc4250cfff208d046816abe20e1e53556ffa6f166825279e1db92c68"", ""verification_status"": ""source_compared_AI""}"
บวบกลม,"Gourd, sponge, raw Ketola air",ผัก,100 กรัม,100,21,0.9,3,0.3,1.2,ASEAN-FCD-2014-INMU:AAD64,"{""carb_definition"": ""available"", ""fiber_definition"": ""total_dietary"", ""human_review_status"": ""pending"", ""portion_basis"": ""source_weight"", ""source_basis"": ""per_100g"", ""source_comparison"": ""pdf_text_compared"", ""source_path"": ""knowledge\\sources\\evidence-2026-10-01\\ASEAN-2014.pdf"", ""source_pdf_page"": 40, ""source_sha256"": ""121ea627bc4250cfff208d046816abe20e1e53556ffa6f166825279e1db92c68"", ""verification_status"": ""source_compared_AI""}"
ฟักเขียว,"THD107 Gourd, wax, mixed variety, raw Kundur/Tong-kuah",ผัก,100 กรัม,100,16,0.5,2.3,0.2,1.7,ASEAN-FCD-2014-INMU:AAD65,"{""carb_definition"": ""available"", ""fiber_definition"": ""total_dietary"", ""human_review_status"": ""pending"", ""portion_basis"": ""source_weight"", ""source_basis"": ""per_100g"", ""source_comparison"": ""pdf_text_compared"", ""source_path"": ""knowledge\\sources\\evidence-2026-10-01\\ASEAN-2014.pdf"", ""source_pdf_page"": 40, ""source_sha256"": ""121ea627bc4250cfff208d046816abe20e1e53556ffa6f166825279e1db92c68"", ""verification_status"": ""source_compared_AI""}"
มะระไทย/มะระขี้นก,"Gourd/cucumber, bitter, Thai variety, raw",ผัก,100 กรัม,100,20,1.4,0.5,0.4,4.2,ASEAN-FCD-2014-INMU:AAD61,"{""carb_definition"": ""available"", ""fiber_definition"": ""total_dietary"", ""human_review_status"": ""pending"", ""portion_basis"": ""source_weight"", ""source_basis"": ""per_100g"", ""source_comparison"": ""pdf_text_compared"", ""source_path"": ""knowledge\\sources\\evidence-2026-10-01\\ASEAN-2014.pdf"", ""source_pdf_page"": 40, ""source_sha256"": ""121ea627bc4250cfff208d046816abe20e1e53556ffa6f166825279e1db92c68"", ""verification_status"": ""source_compared_AI""}"
"บัวบก, ใบ","THD60 Indian pennywort, leaf, raw Pegaga",ผัก,100 กรัม,100,34,2.3,3.1,0.4,4.5,ASEAN-FCD-2014-INMU:VND196,"{""carb_definition"": ""available"", ""fiber_definition"": ""total_dietary"", ""human_review_status"": ""pending"", ""portion_basis"": ""source_weight"", ""source_basis"": ""per_100g"", ""source_comparison"": ""pdf_text_compared"", ""source_path"": ""knowledge\\sources\\evidence-2026-10-01\\ASEAN-2014.pdf"", ""source_pdf_page"": 40, ""source_sha256"": ""121ea627bc4250cfff208d046816abe20e1e53556ffa6f166825279e1db92c68"", ""verification_status"": ""source_compared_AI""}"
ผักตำลึง,"Ivygourd, fresh, raw",ผัก,100 กรัม,100,26,3.6,1.2,0.2,2.7,ASEAN-FCD-2014-INMU:AAD58,"{""carb_definition"": ""available"", ""fiber_definition"": ""total_dietary"", ""human_review_status"": ""pending"", ""portion_basis"": ""source_weight"", ""source_basis"": ""per_100g"", ""source_comparison"": ""pdf_visual_alignment_confirmed"", ""source_path"": ""knowledge\\sources\\evidence-2026-10-01\\ASEAN-2014.pdf"", ""source_pdf_page"": 40, ""source_sha256"": ""121ea627bc4250cfff208d046816abe20e1e53556ffa6f166825279e1db92c68"", ""verification_status"": ""source_compared_AI""}"
ขนุนอ่อน,"Jackfruit, unripe Langka, hilaw",ผัก,100 กรัม,100,38,1.9,2.5,0.6,7.6,ASEAN-FCD-2014-INMU:AAD68,"{""carb_definition"": ""available"", ""fiber_definition"": ""total_dietary"", ""human_review_status"": ""pending"", ""portion_basis"": ""source_weight"", ""source_basis"": ""per_100g"", ""source_comparison"": ""pdf_text_compared"", ""source_path"": ""knowledge\\sources\\evidence-2026-10-01\\ASEAN-2014.pdf"", ""source_pdf_page"": 40, ""source_sha256"": ""121ea627bc4250cfff208d046816abe20e1e53556ffa6f166825279e1db92c68"", ""verification_status"": ""source_compared_AI""}"
"กุยช่าย, ใบ","Leek, Chinese, raw Kutsay dahon",ผัก,100 กรัม,100,23,2.3,1.7,0.2,2.7,ASEAN-FCD-2014-INMU:VND125,"{""carb_definition"": ""available"", ""fiber_definition"": ""total_dietary"", ""human_review_status"": ""pending"", ""portion_basis"": ""source_weight"", ""source_basis"": ""per_100g"", ""source_comparison"": ""pdf_text_compared"", ""source_path"": ""knowledge\\sources\\evidence-2026-10-01\\ASEAN-2014.pdf"", ""source_pdf_page"": 40, ""source_sha256"": ""121ea627bc4250cfff208d046816abe20e1e53556ffa6f166825279e1db92c68"", ""verification_status"": ""source_compared_AI""}"
ผักกาดหอม,"MYD178 Lettuce, garden, leaf and petiole Daun salad/Sang-coy",ผัก,100 กรัม,100,15,1.3,1.3,0.1,1.8,ASEAN-FCD-2014-INMU:VND144,"{""carb_definition"": ""available"", ""fiber_definition"": ""total_dietary"", ""human_review_status"": ""pending"", ""portion_basis"": ""source_weight"", ""source_basis"": ""per_100g"", ""source_comparison"": ""pdf_text_compared"", ""source_path"": ""knowledge\\sources\\evidence-2026-10-01\\ASEAN-2014.pdf"", ""source_pdf_page"": 40, ""source_sha256"": ""121ea627bc4250cfff208d046816abe20e1e53556ffa6f166825279e1db92c68"", ""verification_status"": ""source_compared_AI""}"
บวบเหลี่ยม,"Loofah, angled Ketola segi",ผัก,100 กรัม,100,21,0.8,3,0.3,1.4,ASEAN-FCD-2014-INMU:PHD219,"{""carb_definition"": ""available"", ""fiber_definition"": ""total_dietary"", ""human_review_status"": ""pending"", ""portion_basis"": ""source_weight"", ""source_basis"": ""per_100g"", ""source_comparison"": ""pdf_text_compared"", ""source_path"": ""knowledge\\sources\\evidence-2026-10-01\\ASEAN-2014.pdf"", ""source_pdf_page"": 41, ""source_sha256"": ""121ea627bc4250cfff208d046816abe20e1e53556ffa6f166825279e1db92c68"", ""verification_status"": ""source_compared_AI""}"
ถั่วงอก,"MYD185 Mung bean, sprout, raw Tau-geh",ผัก,100 กรัม,100,41,4.3,4.1,0.2,2.6,ASEAN-FCD-2014-INMU:THD39,"{""carb_definition"": ""available"", ""fiber_definition"": ""total_dietary"", ""human_review_status"": ""pending"", ""portion_basis"": ""source_weight"", ""source_basis"": ""per_100g"", ""source_comparison"": ""pdf_text_compared"", ""source_path"": ""knowledge\\sources\\evidence-2026-10-01\\ASEAN-2014.pdf"", ""source_pdf_page"": 41, ""source_sha256"": ""121ea627bc4250cfff208d046816abe20e1e53556ffa6f166825279e1db92c68"", ""verification_status"": ""source_compared_AI""}"
"ถั่วงอก, ในน้ำเกลือ, บรรจุกระป๋อง","Mung bean, sprout, in brine, canned",ผัก,100 กรัม,100,23,1.5,3,0.1,1.9,ASEAN-FCD-2014-INMU:AAD81,"{""carb_definition"": ""available"", ""fiber_definition"": ""total_dietary"", ""human_review_status"": ""pending"", ""portion_basis"": ""source_weight"", ""source_basis"": ""per_100g"", ""source_comparison"": ""pdf_text_compared"", ""source_path"": ""knowledge\\sources\\evidence-2026-10-01\\ASEAN-2014.pdf"", ""source_pdf_page"": 41, ""source_sha256"": ""121ea627bc4250cfff208d046816abe20e1e53556ffa6f166825279e1db92c68"", ""verification_status"": ""source_compared_AI""}"
"เห็ดแชมปิยอง, ในน้ำเกลือ, บรรจุกระป๋อง, ไม่รวมน้ำ","Mushroom, button/ champignon, canned in brine, drained",ผัก,100 กรัม,100,31,4,1.1,0.5,3.2,ASEAN-FCD-2014-INMU:AAD84,"{""carb_definition"": ""available"", ""fiber_definition"": ""total_dietary"", ""human_review_status"": ""pending"", ""portion_basis"": ""source_weight"", ""source_basis"": ""per_100g"", ""source_comparison"": ""pdf_text_compared"", ""source_path"": ""knowledge\\sources\\evidence-2026-10-01\\ASEAN-2014.pdf"", ""source_pdf_page"": 41, ""source_sha256"": ""121ea627bc4250cfff208d046816abe20e1e53556ffa6f166825279e1db92c68"", ""verification_status"": ""source_compared_AI""}"
เห็ดฟาง,"Mushroom, Chinese/straw, fresh, raw",ผัก,100 กรัม,100,31,3,3.6,0.2,1.4,ASEAN-FCD-2014-INMU:AAD88,"{""carb_definition"": ""available"", ""fiber_definition"": ""total_dietary"", ""human_review_status"": ""pending"", ""portion_basis"": ""source_weight"", ""source_basis"": ""per_100g"", ""source_comparison"": ""pdf_text_compared"", ""source_path"": ""knowledge\\sources\\evidence-2026-10-01\\ASEAN-2014.pdf"", ""source_pdf_page"": 41, ""source_sha256"": ""121ea627bc4250cfff208d046816abe20e1e53556ffa6f166825279e1db92c68"", ""verification_status"": ""source_compared_AI""}"
"เห็ดหูหนู, แห้ง","PHD277 Mushroom, Jew's ear/black wood ear, dried, raw Mook-yi",ผัก,100 กรัม,100,243,8.3,27.6,0.3,48.4,ASEAN-FCD-2014-INMU:MYD171,"{""carb_definition"": ""available"", ""fiber_definition"": ""total_dietary"", ""human_review_status"": ""pending"", ""portion_basis"": ""source_weight"", ""source_basis"": ""per_100g"", ""source_comparison"": ""pdf_text_compared"", ""source_path"": ""knowledge\\sources\\evidence-2026-10-01\\ASEAN-2014.pdf"", ""source_pdf_page"": 41, ""source_sha256"": ""121ea627bc4250cfff208d046816abe20e1e53556ffa6f166825279e1db92c68"", ""verification_status"": ""source_compared_AI""}"
"เห็ดหูหนู, สด","Mushrooms, Jew's ear/ black wood ear, fresh, raw",ผัก,100 กรัม,100,23,0.8,0.7,0.1,8.2,ASEAN-FCD-2014-INMU:AAD70,"{""carb_definition"": ""available"", ""fiber_definition"": ""total_dietary"", ""human_review_status"": ""pending"", ""portion_basis"": ""source_weight"", ""source_basis"": ""per_100g"", ""source_comparison"": ""pdf_text_compared"", ""source_path"": ""knowledge\\sources\\evidence-2026-10-01\\ASEAN-2014.pdf"", ""source_pdf_page"": 41, ""source_sha256"": ""121ea627bc4250cfff208d046816abe20e1e53556ffa6f166825279e1db92c68"", ""verification_status"": ""source_compared_AI""}"
"สะเดา, ใบและยอด","Neem, leaf and tip",ผัก,100 กรัม,100,78,5.6,7.3,0.4,11.6,ASEAN-FCD-2014-INMU:AAD91,"{""carb_definition"": ""available"", ""fiber_definition"": ""total_dietary"", ""human_review_status"": ""pending"", ""portion_basis"": ""source_weight"", ""source_basis"": ""per_100g"", ""source_comparison"": ""pdf_text_compared"", ""source_path"": ""knowledge\\sources\\evidence-2026-10-01\\ASEAN-2014.pdf"", ""source_pdf_page"": 41, ""source_sha256"": ""121ea627bc4250cfff208d046816abe20e1e53556ffa6f166825279e1db92c68"", ""verification_status"": ""source_compared_AI""}"
"มะละกอ, ดิบ","Papaya, unripe, raw",ผัก,100 กรัม,100,24,0.8,4,0.1,2,ASEAN-FCD-2014-INMU:VND116,"{""carb_definition"": ""available"", ""fiber_definition"": ""total_dietary"", ""human_review_status"": ""pending"", ""portion_basis"": ""source_weight"", ""source_basis"": ""per_100g"", ""source_comparison"": ""pdf_text_compared"", ""source_path"": ""knowledge\\sources\\evidence-2026-10-01\\ASEAN-2014.pdf"", ""source_pdf_page"": 41, ""source_sha256"": ""121ea627bc4250cfff208d046816abe20e1e53556ffa6f166825279e1db92c68"", ""verification_status"": ""source_compared_AI""}"
"สะตอ, เมล็ด","Parkia, seed, raw Petai",ผัก,100 กรัม,100,124,9,14.2,2.9,2.7,ASEAN-FCD-2014-INMU:AAD103,"{""carb_definition"": ""available"", ""fiber_definition"": ""total_dietary"", ""human_review_status"": ""pending"", ""portion_basis"": ""source_weight"", ""source_basis"": ""per_100g"", ""source_comparison"": ""pdf_text_compared"", ""source_path"": ""knowledge\\sources\\evidence-2026-10-01\\ASEAN-2014.pdf"", ""source_pdf_page"": 41, ""source_sha256"": ""121ea627bc4250cfff208d046816abe20e1e53556ffa6f166825279e1db92c68"", ""verification_status"": ""source_compared_AI""}"
ถั่วลันเตา,"PHD211 Pea, garden, pod, fresh, raw Kacang pea, segar",ผัก,100 กรัม,100,57,4.9,7.3,0.4,2.1,ASEAN-FCD-2014-INMU:AAD100,"{""carb_definition"": ""available"", ""fiber_definition"": ""total_dietary"", ""human_review_status"": ""pending"", ""portion_basis"": ""source_weight"", ""source_basis"": ""per_100g"", ""source_comparison"": ""pdf_text_compared"", ""source_path"": ""knowledge\\sources\\evidence-2026-10-01\\ASEAN-2014.pdf"", ""source_pdf_page"": 42, ""source_sha256"": ""121ea627bc4250cfff208d046816abe20e1e53556ffa6f166825279e1db92c68"", ""verification_status"": ""source_compared_AI""}"
"ฟักทอง, ยอดอ่อน","Pumpkin, young leaf, raw Kalabasa dahon",ผัก,100 กรัม,100,27,2.9,1.9,0.3,2.4,ASEAN-FCD-2014-INMU:PHD227,"{""carb_definition"": ""available"", ""fiber_definition"": ""total_dietary"", ""human_review_status"": ""pending"", ""portion_basis"": ""source_weight"", ""source_basis"": ""per_100g"", ""source_comparison"": ""pdf_text_compared"", ""source_path"": ""knowledge\\sources\\evidence-2026-10-01\\ASEAN-2014.pdf"", ""source_pdf_page"": 42, ""source_sha256"": ""121ea627bc4250cfff208d046816abe20e1e53556ffa6f166825279e1db92c68"", ""verification_status"": ""source_compared_AI""}"
"โสน, ดอก","Sesbania, yellow flower, raw",ผัก,100 กรัม,100,40,3.1,3.2,0.5,5.1,ASEAN-FCD-2014-INMU:AAD115,"{""carb_definition"": ""available"", ""fiber_definition"": ""total_dietary"", ""human_review_status"": ""pending"", ""portion_basis"": ""source_weight"", ""source_basis"": ""per_100g"", ""source_comparison"": ""pdf_text_compared"", ""source_path"": ""knowledge\\sources\\evidence-2026-10-01\\ASEAN-2014.pdf"", ""source_pdf_page"": 42, ""source_sha256"": ""121ea627bc4250cfff208d046816abe20e1e53556ffa6f166825279e1db92c68"", ""verification_status"": ""source_compared_AI""}"
"แค, ยอด","Sesbania/Cork Wood, young leaf, raw Daun Turi/Geti",ผัก,100 กรัม,100,75,7.7,4.1,1.5,7,ASEAN-FCD-2014-INMU:MYD213,"{""carb_definition"": ""available"", ""fiber_definition"": ""total_dietary"", ""human_review_status"": ""pending"", ""portion_basis"": ""source_weight"", ""source_basis"": ""per_100g"", ""source_comparison"": ""pdf_text_compared"", ""source_path"": ""knowledge\\sources\\evidence-2026-10-01\\ASEAN-2014.pdf"", ""source_pdf_page"": 42, ""source_sha256"": ""121ea627bc4250cfff208d046816abe20e1e53556ffa6f166825279e1db92c68"", ""verification_status"": ""source_compared_AI""}"
ต้นหอม,"Shallot, leaf, spring onion, raw Sibuyas, Tagalog, dahon",ผัก,100 กรัม,100,32,1.8,4.4,0.3,2.3,ASEAN-FCD-2014-INMU:THD30,"{""carb_definition"": ""available"", ""fiber_definition"": ""total_dietary"", ""human_review_status"": ""pending"", ""portion_basis"": ""source_weight"", ""source_basis"": ""per_100g"", ""source_comparison"": ""pdf_text_compared"", ""source_path"": ""knowledge\\sources\\evidence-2026-10-01\\ASEAN-2014.pdf"", ""source_pdf_page"": 42, ""source_sha256"": ""121ea627bc4250cfff208d046816abe20e1e53556ffa6f166825279e1db92c68"", ""verification_status"": ""source_compared_AI""}"
มะเขือพวง,"Solanum, raw",ผัก,100 กรัม,100,46,2.8,0.2,0.8,13.6,ASEAN-FCD-2014-INMU:AAD53,"{""carb_definition"": ""available"", ""fiber_definition"": ""total_dietary"", ""human_review_status"": ""pending"", ""portion_basis"": ""source_weight"", ""source_basis"": ""per_100g"", ""source_comparison"": ""pdf_text_compared"", ""source_path"": ""knowledge\\sources\\evidence-2026-10-01\\ASEAN-2014.pdf"", ""source_pdf_page"": 42, ""source_sha256"": ""121ea627bc4250cfff208d046816abe20e1e53556ffa6f166825279e1db92c68"", ""verification_status"": ""source_compared_AI""}"
ถั่วงอกหัวโต,"Soybean sprout, raw Tau-geh kacang soya",ผัก,100 กรัม,100,72,7.9,4.2,2.5,0.6,ASEAN-FCD-2014-INMU:AAD119,"{""carb_definition"": ""available"", ""fiber_definition"": ""total_dietary"", ""human_review_status"": ""pending"", ""portion_basis"": ""source_weight"", ""source_basis"": ""per_100g"", ""source_comparison"": ""pdf_text_compared"", ""source_path"": ""knowledge\\sources\\evidence-2026-10-01\\ASEAN-2014.pdf"", ""source_pdf_page"": 42, ""source_sha256"": ""121ea627bc4250cfff208d046816abe20e1e53556ffa6f166825279e1db92c68"", ""verification_status"": ""source_compared_AI""}"
ปวยเล้ง,"Spinach, Chinese, raw Por-coy",ผัก,100 กรัม,100,21,2.5,0.2,0.5,2.7,ASEAN-FCD-2014-INMU:AAD122,"{""carb_definition"": ""available"", ""fiber_definition"": ""total_dietary"", ""human_review_status"": ""pending"", ""portion_basis"": ""source_weight"", ""source_basis"": ""per_100g"", ""source_comparison"": ""pdf_text_compared"", ""source_path"": ""knowledge\\sources\\evidence-2026-10-01\\ASEAN-2014.pdf"", ""source_pdf_page"": 42, ""source_sha256"": ""121ea627bc4250cfff208d046816abe20e1e53556ffa6f166825279e1db92c68"", ""verification_status"": ""source_compared_AI""}"
"ฟักทอง, ดอก","Squash/pumpkin, flower, raw Kalabasa bulaklak",ผัก,100 กรัม,100,22,1.7,2.3,0.3,1.7,ASEAN-FCD-2014-INMU:AAD123,"{""carb_definition"": ""available"", ""fiber_definition"": ""total_dietary"", ""human_review_status"": ""pending"", ""portion_basis"": ""source_weight"", ""source_basis"": ""per_100g"", ""source_comparison"": ""pdf_text_compared"", ""source_path"": ""knowledge\\sources\\evidence-2026-10-01\\ASEAN-2014.pdf"", ""source_pdf_page"": 42, ""source_sha256"": ""121ea627bc4250cfff208d046816abe20e1e53556ffa6f166825279e1db92c68"", ""verification_status"": ""source_compared_AI""}"
ผักบุ้งไทย,"THD93 Swamp cabbage, kangkong, raw Kangkung",ผัก,100 กรัม,100,26,2.9,1.9,0.3,2.2,ASEAN-FCD-2014-INMU:VND155,"{""carb_definition"": ""available"", ""fiber_definition"": ""total_dietary"", ""human_review_status"": ""pending"", ""portion_basis"": ""source_weight"", ""source_basis"": ""per_100g"", ""source_comparison"": ""pdf_text_compared"", ""source_path"": ""knowledge\\sources\\evidence-2026-10-01\\ASEAN-2014.pdf"", ""source_pdf_page"": 42, ""source_sha256"": ""121ea627bc4250cfff208d046816abe20e1e53556ffa6f166825279e1db92c68"", ""verification_status"": ""source_compared_AI""}"
"มันเทศ, ยอด","MYD223 Sweet potato, leaf, raw Pucuk ubi keledek",ผัก,100 กรัม,100,39,3.1,4.4,0.5,2,ASEAN-FCD-2014-INMU:VND151,"{""carb_definition"": ""available"", ""fiber_definition"": ""total_dietary"", ""human_review_status"": ""pending"", ""portion_basis"": ""source_weight"", ""source_basis"": ""per_100g"", ""source_comparison"": ""pdf_text_compared"", ""source_path"": ""knowledge\\sources\\evidence-2026-10-01\\ASEAN-2014.pdf"", ""source_pdf_page"": 42, ""source_sha256"": ""121ea627bc4250cfff208d046816abe20e1e53556ffa6f166825279e1db92c68"", ""verification_status"": ""source_compared_AI""}"
มะเขือเทศ,"MYD225 Tomato, raw Tomato",ผัก,100 กรัม,100,23,1,3.4,0.3,1.2,ASEAN-FCD-2014-INMU:VND88,"{""carb_definition"": ""available"", ""fiber_definition"": ""total_dietary"", ""human_review_status"": ""pending"", ""portion_basis"": ""source_weight"", ""source_basis"": ""per_100g"", ""source_comparison"": ""pdf_text_compared"", ""source_path"": ""knowledge\\sources\\evidence-2026-10-01\\ASEAN-2014.pdf"", ""source_pdf_page"": 43, ""source_sha256"": ""121ea627bc4250cfff208d046816abe20e1e53556ffa6f166825279e1db92c68"", ""verification_status"": ""source_compared_AI""}"
มะเขือเทศสีดา,"Tomato, cherry, small, raw",ผัก,100 กรัม,100,23,1,3.3,0.3,1.7,ASEAN-FCD-2014-INMU:AAD130,"{""carb_definition"": ""available"", ""fiber_definition"": ""total_dietary"", ""human_review_status"": ""pending"", ""portion_basis"": ""source_weight"", ""source_basis"": ""per_100g"", ""source_comparison"": ""pdf_text_compared"", ""source_path"": ""knowledge\\sources\\evidence-2026-10-01\\ASEAN-2014.pdf"", ""source_pdf_page"": 43, ""source_sha256"": ""121ea627bc4250cfff208d046816abe20e1e53556ffa6f166825279e1db92c68"", ""verification_status"": ""source_compared_AI""}"
สายบัว,"Water lily, stem, raw",ผัก,100 กรัม,100,8,0.3,0.7,0.1,1.7,ASEAN-FCD-2014-INMU:AAD164,"{""carb_definition"": ""available"", ""fiber_definition"": ""total_dietary"", ""human_review_status"": ""pending"", ""portion_basis"": ""source_weight"", ""source_basis"": ""per_100g"", ""source_comparison"": ""pdf_text_compared"", ""source_path"": ""knowledge\\sources\\evidence-2026-10-01\\ASEAN-2014.pdf"", ""source_pdf_page"": 43, ""source_sha256"": ""121ea627bc4250cfff208d046816abe20e1e53556ffa6f166825279e1db92c68"", ""verification_status"": ""source_compared_AI""}"
ผักกระเฉด,"Water mimosa, raw",ผัก,100 กรัม,100,38,4.2,2,0.4,4.9,ASEAN-FCD-2014-INMU:AAD132,"{""carb_definition"": ""available"", ""fiber_definition"": ""total_dietary"", ""human_review_status"": ""pending"", ""portion_basis"": ""source_weight"", ""source_basis"": ""per_100g"", ""source_comparison"": ""pdf_text_compared"", ""source_path"": ""knowledge\\sources\\evidence-2026-10-01\\ASEAN-2014.pdf"", ""source_pdf_page"": 43, ""source_sha256"": ""121ea627bc4250cfff208d046816abe20e1e53556ffa6f166825279e1db92c68"", ""verification_status"": ""source_compared_AI""}"
"ถั่วพู, ฝัก","MYD134 Winged bean, pod, fresh, raw Kacang botor",ผัก,100 กรัม,100,23,2.2,0.9,0.1,4.9,ASEAN-FCD-2014-INMU:THD46,"{""carb_definition"": ""available"", ""fiber_definition"": ""total_dietary"", ""human_review_status"": ""pending"", ""portion_basis"": ""source_weight"", ""source_basis"": ""per_100g"", ""source_comparison"": ""pdf_text_compared"", ""source_path"": ""knowledge\\sources\\evidence-2026-10-01\\ASEAN-2014.pdf"", ""source_pdf_page"": 43, ""source_sha256"": ""121ea627bc4250cfff208d046816abe20e1e53556ffa6f166825279e1db92c68"", ""verification_status"": ""source_compared_AI""}"
ถั่วฝักยาว,"Yard long bean, pod, green, fresh, raw Kacang panjang",ผัก,100 กรัม,100,35,2.6,3.4,0.6,2.7,ASEAN-FCD-2014-INMU:MYD136,"{""carb_definition"": ""available"", ""fiber_definition"": ""total_dietary"", ""human_review_status"": ""pending"", ""portion_basis"": ""source_weight"", ""source_basis"": ""per_100g"", ""source_comparison"": ""pdf_text_compared"", ""source_path"": ""knowledge\\sources\\evidence-2026-10-01\\ASEAN-2014.pdf"", ""source_pdf_page"": 43, ""source_sha256"": ""121ea627bc4250cfff208d046816abe20e1e53556ffa6f166825279e1db92c68"", ""verification_status"": ""source_compared_AI""}"
แอปเปิ้ล,"MYE238 Apple, green Epal hijau",ผลไม้,100 กรัม,100,53,0.4,12.2,0.2,0.6,ASEAN-FCD-2014-INMU:AAE2,"{""carb_definition"": ""available"", ""fiber_definition"": ""total_dietary"", ""human_review_status"": ""pending"", ""portion_basis"": ""source_weight"", ""source_basis"": ""per_100g"", ""source_comparison"": ""pdf_text_compared"", ""source_path"": ""knowledge\\sources\\evidence-2026-10-01\\ASEAN-2014.pdf"", ""source_pdf_page"": 44, ""source_sha256"": ""121ea627bc4250cfff208d046816abe20e1e53556ffa6f166825279e1db92c68"", ""verification_status"": ""source_compared_AI""}"
กล้วยน้าว้า,"Banana, apple variety, ripe Pisang abu",ผลไม้,100 กรัม,100,100,1,22.4,0.2,2.4,ASEAN-FCD-2014-INMU:VNE206,"{""carb_definition"": ""available"", ""fiber_definition"": ""total_dietary"", ""human_review_status"": ""pending"", ""portion_basis"": ""source_weight"", ""source_basis"": ""per_100g"", ""source_comparison"": ""pdf_text_compared"", ""source_path"": ""knowledge\\sources\\evidence-2026-10-01\\ASEAN-2014.pdf"", ""source_pdf_page"": 44, ""source_sha256"": ""121ea627bc4250cfff208d046816abe20e1e53556ffa6f166825279e1db92c68"", ""verification_status"": ""source_compared_AI""}"
กล้วยหอมทอง,"MYE245 Banana, cavendish, ripe Pisang embun",ผลไม้,100 กรัม,100,94,1.3,19.9,0.6,1.7,ASEAN-FCD-2014-INMU:THE7,"{""carb_definition"": ""available"", ""fiber_definition"": ""total_dietary"", ""human_review_status"": ""pending"", ""portion_basis"": ""source_weight"", ""source_basis"": ""per_100g"", ""source_comparison"": ""pdf_text_compared"", ""source_path"": ""knowledge\\sources\\evidence-2026-10-01\\ASEAN-2014.pdf"", ""source_pdf_page"": 44, ""source_sha256"": ""121ea627bc4250cfff208d046816abe20e1e53556ffa6f166825279e1db92c68"", ""verification_status"": ""source_compared_AI""}"
กล้วยหอม,"Banana, dessert, Valery, Hom variety",ผลไม้,100 กรัม,100,109,1.3,24.8,0.1,1.9,ASEAN-FCD-2014-INMU:AAE12,"{""carb_definition"": ""available"", ""fiber_definition"": ""total_dietary"", ""human_review_status"": ""pending"", ""portion_basis"": ""source_weight"", ""source_basis"": ""per_100g"", ""source_comparison"": ""pdf_text_compared"", ""source_path"": ""knowledge\\sources\\evidence-2026-10-01\\ASEAN-2014.pdf"", ""source_pdf_page"": 44, ""source_sha256"": ""121ea627bc4250cfff208d046816abe20e1e53556ffa6f166825279e1db92c68"", ""verification_status"": ""source_compared_AI""}"
กล้วยไข่,"IDE75 Banana, rice banana Pisang mas",ผลไม้,100 กรัม,100,98,1.1,22,0.2,1.8,ASEAN-FCD-2014-INMU:MYE247,"{""carb_definition"": ""available"", ""fiber_definition"": ""total_dietary"", ""human_review_status"": ""pending"", ""portion_basis"": ""source_weight"", ""source_basis"": ""per_100g"", ""source_comparison"": ""pdf_text_compared"", ""source_path"": ""knowledge\\sources\\evidence-2026-10-01\\ASEAN-2014.pdf"", ""source_pdf_page"": 44, ""source_sha256"": ""121ea627bc4250cfff208d046816abe20e1e53556ffa6f166825279e1db92c68"", ""verification_status"": ""source_compared_AI""}"
ทุเรียนชะนี/ ทุเรียนลวง/ทุเรียนหมอนทอง,"Durian, assorted Durian",ผลไม้,100 กรัม,100,152,2.4,25,3.9,3.6,ASEAN-FCD-2014-INMU:MYE260,"{""carb_definition"": ""available"", ""fiber_definition"": ""total_dietary"", ""human_review_status"": ""pending"", ""portion_basis"": ""source_weight"", ""source_basis"": ""per_100g"", ""source_comparison"": ""pdf_text_compared"", ""source_path"": ""knowledge\\sources\\evidence-2026-10-01\\ASEAN-2014.pdf"", ""source_pdf_page"": 44, ""source_sha256"": ""121ea627bc4250cfff208d046816abe20e1e53556ffa6f166825279e1db92c68"", ""verification_status"": ""source_compared_AI""}"
"ผลไม้รวม, ในน้ำเชื่อม, บรรจุกระป๋อง","Fruit cocktail, tropical, in syrup, canned",ผลไม้,100 กรัม,100,82,0.3,17.9,0.7,1.6,ASEAN-FCD-2014-INMU:AAE36,"{""carb_definition"": ""available"", ""fiber_definition"": ""total_dietary"", ""human_review_status"": ""pending"", ""portion_basis"": ""source_weight"", ""source_basis"": ""per_100g"", ""source_comparison"": ""pdf_text_compared"", ""source_path"": ""knowledge\\sources\\evidence-2026-10-01\\ASEAN-2014.pdf"", ""source_pdf_page"": 44, ""source_sha256"": ""121ea627bc4250cfff208d046816abe20e1e53556ffa6f166825279e1db92c68"", ""verification_status"": ""source_compared_AI""}"
องุ่นเขียว/องุ่นแดง,"MYE265 Grape, assorted Buah anggur",ผลไม้,100 กรัม,100,53,0.6,11.8,0.1,1.1,ASEAN-FCD-2014-INMU:AAE38,"{""carb_definition"": ""available"", ""fiber_definition"": ""total_dietary"", ""human_review_status"": ""pending"", ""portion_basis"": ""source_weight"", ""source_basis"": ""per_100g"", ""source_comparison"": ""pdf_text_compared"", ""source_path"": ""knowledge\\sources\\evidence-2026-10-01\\ASEAN-2014.pdf"", ""source_pdf_page"": 45, ""source_sha256"": ""121ea627bc4250cfff208d046816abe20e1e53556ffa6f166825279e1db92c68"", ""verification_status"": ""source_compared_AI""}"
ฝรั่ง,"MYE267 Guava, white flesh Jambu batu",ผลไม้,100 กรัม,100,55,0.9,10.1,0.2,4.4,ASEAN-FCD-2014-INMU:THE39,"{""carb_definition"": ""available"", ""fiber_definition"": ""total_dietary"", ""human_review_status"": ""pending"", ""portion_basis"": ""source_weight"", ""source_basis"": ""per_100g"", ""source_comparison"": ""pdf_text_compared"", ""source_path"": ""knowledge\\sources\\evidence-2026-10-01\\ASEAN-2014.pdf"", ""source_pdf_page"": 45, ""source_sha256"": ""121ea627bc4250cfff208d046816abe20e1e53556ffa6f166825279e1db92c68"", ""verification_status"": ""source_compared_AI""}"
"ขนุน, ในน้ำเชื่อม, บรรจุกระป๋อง","Jackfruit, in syrup, canned",ผลไม้,100 กรัม,100,100,0.7,21.7,1,0.9,ASEAN-FCD-2014-INMU:AAE47,"{""carb_definition"": ""available"", ""fiber_definition"": ""total_dietary"", ""human_review_status"": ""pending"", ""portion_basis"": ""source_weight"", ""source_basis"": ""per_100g"", ""source_comparison"": ""pdf_text_compared"", ""source_path"": ""knowledge\\sources\\evidence-2026-10-01\\ASEAN-2014.pdf"", ""source_pdf_page"": 45, ""source_sha256"": ""121ea627bc4250cfff208d046816abe20e1e53556ffa6f166825279e1db92c68"", ""verification_status"": ""source_compared_AI""}"
พุทราแอปเปิ้ล,Jujube Mansanitas,ผลไม้,100 กรัม,100,50,0.9,10.2,0.1,2.2,ASEAN-FCD-2014-INMU:THE43,"{""carb_definition"": ""available"", ""fiber_definition"": ""total_dietary"", ""human_review_status"": ""pending"", ""portion_basis"": ""source_weight"", ""source_basis"": ""per_100g"", ""source_comparison"": ""pdf_text_compared"", ""source_path"": ""knowledge\\sources\\evidence-2026-10-01\\ASEAN-2014.pdf"", ""source_pdf_page"": 45, ""source_sha256"": ""121ea627bc4250cfff208d046816abe20e1e53556ffa6f166825279e1db92c68"", ""verification_status"": ""source_compared_AI""}"
"ลิ้นจี่, ในน้ำเชื่อม, บรรจุกระป๋อง","Litchi, in syrup, canned",ผลไม้,100 กรัม,100,95,0.4,20.9,1,0.5,ASEAN-FCD-2014-INMU:AAE54,"{""carb_definition"": ""available"", ""fiber_definition"": ""total_dietary"", ""human_review_status"": ""pending"", ""portion_basis"": ""source_weight"", ""source_basis"": ""per_100g"", ""source_comparison"": ""pdf_text_compared"", ""source_path"": ""knowledge\\sources\\evidence-2026-10-01\\ASEAN-2014.pdf"", ""source_pdf_page"": 45, ""source_sha256"": ""121ea627bc4250cfff208d046816abe20e1e53556ffa6f166825279e1db92c68"", ""verification_status"": ""source_compared_AI""}"
ลำใย,"VNE235 Longan, fresh Mata kucing",ผลไม้,100 กรัม,100,71,1,15.8,0.2,0.9,ASEAN-FCD-2014-INMU:MYE296,"{""carb_definition"": ""available"", ""fiber_definition"": ""total_dietary"", ""human_review_status"": ""pending"", ""portion_basis"": ""source_weight"", ""source_basis"": ""per_100g"", ""source_comparison"": ""pdf_text_compared"", ""source_path"": ""knowledge\\sources\\evidence-2026-10-01\\ASEAN-2014.pdf"", ""source_pdf_page"": 45, ""source_sha256"": ""121ea627bc4250cfff208d046816abe20e1e53556ffa6f166825279e1db92c68"", ""verification_status"": ""source_compared_AI""}"
"ลำไย, ในน้ำเชื่อม, บรรจุกระป๋อง","Longan, in syrup, canned",ผลไม้,100 กรัม,100,94,0.3,20.5,1.1,0.3,ASEAN-FCD-2014-INMU:AAE56,"{""carb_definition"": ""available"", ""fiber_definition"": ""total_dietary"", ""human_review_status"": ""pending"", ""portion_basis"": ""source_weight"", ""source_basis"": ""per_100g"", ""source_comparison"": ""pdf_text_compared"", ""source_path"": ""knowledge\\sources\\evidence-2026-10-01\\ASEAN-2014.pdf"", ""source_pdf_page"": 45, ""source_sha256"": ""121ea627bc4250cfff208d046816abe20e1e53556ffa6f166825279e1db92c68"", ""verification_status"": ""source_compared_AI""}"
ส้มเขียวหวาน,Mandarin/tangerine Limau Cina,ผลไม้,100 กรัม,100,42,1,8.1,0.3,1.5,ASEAN-FCD-2014-INMU:AAE60,"{""carb_definition"": ""available"", ""fiber_definition"": ""total_dietary"", ""human_review_status"": ""pending"", ""portion_basis"": ""source_weight"", ""source_basis"": ""per_100g"", ""source_comparison"": ""pdf_text_compared"", ""source_path"": ""knowledge\\sources\\evidence-2026-10-01\\ASEAN-2014.pdf"", ""source_pdf_page"": 45, ""source_sha256"": ""121ea627bc4250cfff208d046816abe20e1e53556ffa6f166825279e1db92c68"", ""verification_status"": ""source_compared_AI""}"
"มะม่วงเขียวเสวย, ดิบ","Mango,Kiew-sa- weya variety, unripe",ผลไม้,100 กรัม,100,79,0.8,17.2,0.2,2.7,ASEAN-FCD-2014-INMU:AAE132,"{""carb_definition"": ""available"", ""fiber_definition"": ""total_dietary"", ""human_review_status"": ""pending"", ""portion_basis"": ""source_weight"", ""source_basis"": ""per_100g"", ""source_comparison"": ""pdf_text_compared"", ""source_path"": ""knowledge\\sources\\evidence-2026-10-01\\ASEAN-2014.pdf"", ""source_pdf_page"": 45, ""source_sha256"": ""121ea627bc4250cfff208d046816abe20e1e53556ffa6f166825279e1db92c68"", ""verification_status"": ""source_compared_AI""}"
"มะม่วงแก้ว, ดิบ","Mango, kaew variety, mature, unripe",ผลไม้,100 กรัม,100,75,0.6,16.2,0.2,3,ASEAN-FCD-2014-INMU:AAE72,"{""carb_definition"": ""available"", ""fiber_definition"": ""total_dietary"", ""human_review_status"": ""pending"", ""portion_basis"": ""source_weight"", ""source_basis"": ""per_100g"", ""source_comparison"": ""pdf_text_compared"", ""source_path"": ""knowledge\\sources\\evidence-2026-10-01\\ASEAN-2014.pdf"", ""source_pdf_page"": 45, ""source_sha256"": ""121ea627bc4250cfff208d046816abe20e1e53556ffa6f166825279e1db92c68"", ""verification_status"": ""source_compared_AI""}"
"มะม่วงน้ำดอกไม้, สุก","Mango, num-dok-mai variety, ripe",ผลไม้,100 กรัม,100,78,0.9,17.5,0.2,1.2,ASEAN-FCD-2014-INMU:AAE67,"{""carb_definition"": ""available"", ""fiber_definition"": ""total_dietary"", ""human_review_status"": ""pending"", ""portion_basis"": ""source_weight"", ""source_basis"": ""per_100g"", ""source_comparison"": ""pdf_text_compared"", ""source_path"": ""knowledge\\sources\\evidence-2026-10-01\\ASEAN-2014.pdf"", ""source_pdf_page"": 45, ""source_sha256"": ""121ea627bc4250cfff208d046816abe20e1e53556ffa6f166825279e1db92c68"", ""verification_status"": ""source_compared_AI""}"
"มะม่วงอกร่อง, สุก","Mango, okrong variety, ripe",ผลไม้,100 กรัม,100,79,0.8,17.9,0.2,1.3,ASEAN-FCD-2014-INMU:AAE69,"{""carb_definition"": ""available"", ""fiber_definition"": ""total_dietary"", ""human_review_status"": ""pending"", ""portion_basis"": ""source_weight"", ""source_basis"": ""per_100g"", ""source_comparison"": ""pdf_text_compared"", ""source_path"": ""knowledge\\sources\\evidence-2026-10-01\\ASEAN-2014.pdf"", ""source_pdf_page"": 45, ""source_sha256"": ""121ea627bc4250cfff208d046816abe20e1e53556ffa6f166825279e1db92c68"", ""verification_status"": ""source_compared_AI""}"
"มะม่วงแรด, ดิบ","Mango, rad variety, mature, unripe",ผลไม้,100 กรัม,100,76,0.5,16.8,0.2,2.3,ASEAN-FCD-2014-INMU:AAE74,"{""carb_definition"": ""available"", ""fiber_definition"": ""total_dietary"", ""human_review_status"": ""pending"", ""portion_basis"": ""source_weight"", ""source_basis"": ""per_100g"", ""source_comparison"": ""pdf_text_compared"", ""source_path"": ""knowledge\\sources\\evidence-2026-10-01\\ASEAN-2014.pdf"", ""source_pdf_page"": 46, ""source_sha256"": ""121ea627bc4250cfff208d046816abe20e1e53556ffa6f166825279e1db92c68"", ""verification_status"": ""source_compared_AI""}"
มังคุด,Mangosteen Manggis,ผลไม้,100 กรัม,100,68,0.6,14.4,0.6,1.5,ASEAN-FCD-2014-INMU:MYE295,"{""carb_definition"": ""available"", ""fiber_definition"": ""total_dietary"", ""human_review_status"": ""pending"", ""portion_basis"": ""source_weight"", ""source_basis"": ""per_100g"", ""source_comparison"": ""pdf_text_compared"", ""source_path"": ""knowledge\\sources\\evidence-2026-10-01\\ASEAN-2014.pdf"", ""source_pdf_page"": 46, ""source_sha256"": ""121ea627bc4250cfff208d046816abe20e1e53556ffa6f166825279e1db92c68"", ""verification_status"": ""source_compared_AI""}"
ส้มเช้ง,"Orange, green skin/Kalanchoe Limau manis",ผลไม้,100 กรัม,100,45,0.8,8.6,0.3,2.4,ASEAN-FCD-2014-INMU:AAE81,"{""carb_definition"": ""available"", ""fiber_definition"": ""total_dietary"", ""human_review_status"": ""pending"", ""portion_basis"": ""source_weight"", ""source_basis"": ""per_100g"", ""source_comparison"": ""pdf_text_compared"", ""source_path"": ""knowledge\\sources\\evidence-2026-10-01\\ASEAN-2014.pdf"", ""source_pdf_page"": 46, ""source_sha256"": ""121ea627bc4250cfff208d046816abe20e1e53556ffa6f166825279e1db92c68"", ""verification_status"": ""source_compared_AI""}"
"มะละกอ, สุก","VN E217,MYE303 Papaya, ripe Papaya/Betik",ผลไม้,100 กรัม,100,40,0.9,8.1,0.1,1.3,ASEAN-FCD-2014-INMU:AAE83,"{""carb_definition"": ""available"", ""fiber_definition"": ""total_dietary"", ""human_review_status"": ""pending"", ""portion_basis"": ""source_weight"", ""source_basis"": ""per_100g"", ""source_comparison"": ""pdf_text_compared"", ""source_path"": ""knowledge\\sources\\evidence-2026-10-01\\ASEAN-2014.pdf"", ""source_pdf_page"": 46, ""source_sha256"": ""121ea627bc4250cfff208d046816abe20e1e53556ffa6f166825279e1db92c68"", ""verification_status"": ""source_compared_AI""}"
สับปะรด,THE120 Pineapple Nenas,ผลไม้,100 กรัม,100,48,0.5,10.8,0.1,1,ASEAN-FCD-2014-INMU:AAE91,"{""carb_definition"": ""available"", ""fiber_definition"": ""total_dietary"", ""human_review_status"": ""pending"", ""portion_basis"": ""source_weight"", ""source_basis"": ""per_100g"", ""source_comparison"": ""pdf_text_compared"", ""source_path"": ""knowledge\\sources\\evidence-2026-10-01\\ASEAN-2014.pdf"", ""source_pdf_page"": 46, ""source_sha256"": ""121ea627bc4250cfff208d046816abe20e1e53556ffa6f166825279e1db92c68"", ""verification_status"": ""source_compared_AI""}"
"สับปะรดในน้ำเชื่อมเข้มข้น, บรรจุกระป๋อง","Pineapple, slice, in heavy syrup, canned Nenas, dengan sirup, dalam tin",ผลไม้,100 กรัม,100,90,0.3,21.3,0.2,0.8,ASEAN-FCD-2014-INMU:PHE114,"{""carb_definition"": ""available"", ""fiber_definition"": ""total_dietary"", ""human_review_status"": ""pending"", ""portion_basis"": ""source_weight"", ""source_basis"": ""per_100g"", ""source_comparison"": ""pdf_text_compared"", ""source_path"": ""knowledge\\sources\\evidence-2026-10-01\\ASEAN-2014.pdf"", ""source_pdf_page"": 46, ""source_sha256"": ""121ea627bc4250cfff208d046816abe20e1e53556ffa6f166825279e1db92c68"", ""verification_status"": ""source_compared_AI""}"
ส้มโอ,MYE317 Pomelo Limau Betawi/Limau Bali,ผลไม้,100 กรัม,100,44,0.6,9.6,0.2,0.7,ASEAN-FCD-2014-INMU:AAE96,"{""carb_definition"": ""available"", ""fiber_definition"": ""total_dietary"", ""human_review_status"": ""pending"", ""portion_basis"": ""source_weight"", ""source_basis"": ""per_100g"", ""source_comparison"": ""pdf_text_compared"", ""source_path"": ""knowledge\\sources\\evidence-2026-10-01\\ASEAN-2014.pdf"", ""source_pdf_page"": 46, ""source_sha256"": ""121ea627bc4250cfff208d046816abe20e1e53556ffa6f166825279e1db92c68"", ""verification_status"": ""source_compared_AI""}"
"เงาะไส้สับปะรด, ในน้ำเชื่อม, บรรจุกระป๋อง","Rambutan and pineapple, in syrup, canned",ผลไม้,100 กรัม,100,91,0.4,19.4,1.1,0.7,ASEAN-FCD-2014-INMU:AAE101,"{""carb_definition"": ""available"", ""fiber_definition"": ""total_dietary"", ""human_review_status"": ""pending"", ""portion_basis"": ""source_weight"", ""source_basis"": ""per_100g"", ""source_comparison"": ""pdf_text_compared"", ""source_path"": ""knowledge\\sources\\evidence-2026-10-01\\ASEAN-2014.pdf"", ""source_pdf_page"": 46, ""source_sha256"": ""121ea627bc4250cfff208d046816abe20e1e53556ffa6f166825279e1db92c68"", ""verification_status"": ""source_compared_AI""}"
"เงาะ, ในน้ำเชื่อม, บรรจุกระป๋อง","Rambutan, in syrup, canned",ผลไม้,100 กรัม,100,107,0.3,21.6,1.9,1,ASEAN-FCD-2014-INMU:AAE102,"{""carb_definition"": ""available"", ""fiber_definition"": ""total_dietary"", ""human_review_status"": ""pending"", ""portion_basis"": ""source_weight"", ""source_basis"": ""per_100g"", ""source_comparison"": ""pdf_text_compared"", ""source_path"": ""knowledge\\sources\\evidence-2026-10-01\\ASEAN-2014.pdf"", ""source_pdf_page"": 47, ""source_sha256"": ""121ea627bc4250cfff208d046816abe20e1e53556ffa6f166825279e1db92c68"", ""verification_status"": ""source_compared_AI""}"
ละมุด,"MYE324 Sapodilla, ripe Ciku",ผลไม้,100 กรัม,100,69,0.5,11.1,0.7,8.1,ASEAN-FCD-2014-INMU:THE85,"{""carb_definition"": ""available"", ""fiber_definition"": ""total_dietary"", ""human_review_status"": ""pending"", ""portion_basis"": ""source_weight"", ""source_basis"": ""per_100g"", ""source_comparison"": ""pdf_text_compared"", ""source_path"": ""knowledge\\sources\\evidence-2026-10-01\\ASEAN-2014.pdf"", ""source_pdf_page"": 47, ""source_sha256"": ""121ea627bc4250cfff208d046816abe20e1e53556ffa6f166825279e1db92c68"", ""verification_status"": ""source_compared_AI""}"
น้อยหน่า,MYE257 Sugar apple Buah nona,ผลไม้,100 กรัม,100,86,1.6,18,0.3,2.2,ASEAN-FCD-2014-INMU:VNE234,"{""carb_definition"": ""available"", ""fiber_definition"": ""total_dietary"", ""human_review_status"": ""pending"", ""portion_basis"": ""source_weight"", ""source_basis"": ""per_100g"", ""source_comparison"": ""pdf_text_compared"", ""source_path"": ""knowledge\\sources\\evidence-2026-10-01\\ASEAN-2014.pdf"", ""source_pdf_page"": 47, ""source_sha256"": ""121ea627bc4250cfff208d046816abe20e1e53556ffa6f166825279e1db92c68"", ""verification_status"": ""source_compared_AI""}"
มะขามเทศ,"Tamarind, Madras thorn Camachili",ผลไม้,100 กรัม,100,85,3.4,13.8,1,3.4,ASEAN-FCD-2014-INMU:AAE58,"{""carb_definition"": ""available"", ""fiber_definition"": ""total_dietary"", ""human_review_status"": ""pending"", ""portion_basis"": ""source_weight"", ""source_basis"": ""per_100g"", ""source_comparison"": ""pdf_text_compared"", ""source_path"": ""knowledge\\sources\\evidence-2026-10-01\\ASEAN-2014.pdf"", ""source_pdf_page"": 47, ""source_sha256"": ""121ea627bc4250cfff208d046816abe20e1e53556ffa6f166825279e1db92c68"", ""verification_status"": ""source_compared_AI""}"
"ลูกตาล, ในน้ำเชื่อม, บรรจุกระป๋อง","Toddy palm, in syrup, canned",ผลไม้,100 กรัม,100,93,0.2,21.2,0.5,1.2,ASEAN-FCD-2014-INMU:AAE118,"{""carb_definition"": ""available"", ""fiber_definition"": ""total_dietary"", ""human_review_status"": ""pending"", ""portion_basis"": ""source_weight"", ""source_basis"": ""per_100g"", ""source_comparison"": ""pdf_text_compared"", ""source_path"": ""knowledge\\sources\\evidence-2026-10-01\\ASEAN-2014.pdf"", ""source_pdf_page"": 47, ""source_sha256"": ""121ea627bc4250cfff208d046816abe20e1e53556ffa6f166825279e1db92c68"", ""verification_status"": ""source_compared_AI""}"
แตงโม,MYE330 Watermelon Tembikai,ผลไม้,100 กรัม,100,24,0.6,5.1,0.1,0.3,ASEAN-FCD-2014-INMU:VNE212,"{""carb_definition"": ""available"", ""fiber_definition"": ""total_dietary"", ""human_review_status"": ""pending"", ""portion_basis"": ""source_weight"", ""source_basis"": ""per_100g"", ""source_comparison"": ""pdf_text_compared"", ""source_path"": ""knowledge\\sources\\evidence-2026-10-01\\ASEAN-2014.pdf"", ""source_pdf_page"": 47, ""source_sha256"": ""121ea627bc4250cfff208d046816abe20e1e53556ffa6f166825279e1db92c68"", ""verification_status"": ""source_compared_AI""}"
ชมพู่เขียว,"Wax jambu, Water Rose, green color variety",ผลไม้,100 กรัม,100,30,0.5,6.1,0.1,1.1,ASEAN-FCD-2014-INMU:AAE125,"{""carb_definition"": ""available"", ""fiber_definition"": ""total_dietary"", ""human_review_status"": ""pending"", ""portion_basis"": ""source_weight"", ""source_basis"": ""per_100g"", ""source_comparison"": ""pdf_text_compared"", ""source_path"": ""knowledge\\sources\\evidence-2026-10-01\\ASEAN-2014.pdf"", ""source_pdf_page"": 47, ""source_sha256"": ""121ea627bc4250cfff208d046816abe20e1e53556ffa6f166825279e1db92c68"", ""verification_status"": ""source_compared_AI""}"
"วัว, ลูกชิ้น","Beef, meat ball",เนื้อสัตว์,100 กรัม,100,84,16.5,2.9,0.7,0,ASEAN-FCD-2014-INMU:AAF2,"{""carb_definition"": ""available"", ""fiber_definition"": ""total_dietary"", ""human_review_status"": ""pending"", ""portion_basis"": ""source_weight"", ""source_basis"": ""per_100g"", ""source_comparison"": ""pdf_text_compared"", ""source_path"": ""knowledge\\sources\\evidence-2026-10-01\\ASEAN-2014.pdf"", ""source_pdf_page"": 48, ""source_sha256"": ""121ea627bc4250cfff208d046816abe20e1e53556ffa6f166825279e1db92c68"", ""verification_status"": ""source_compared_AI""}"
"ไก่ดำ, สะโพก, ดิบ","Chicken, black, thigh, w/ skin, raw",เนื้อสัตว์,100 กรัม,100,127,22.7,0,4,0,ASEAN-FCD-2014-INMU:AAF185,"{""carb_definition"": ""available"", ""fiber_definition"": ""total_dietary"", ""human_review_status"": ""pending"", ""portion_basis"": ""source_weight"", ""source_basis"": ""per_100g"", ""source_comparison"": ""pdf_text_compared"", ""source_path"": ""knowledge\\sources\\evidence-2026-10-01\\ASEAN-2014.pdf"", ""source_pdf_page"": 48, ""source_sha256"": ""121ea627bc4250cfff208d046816abe20e1e53556ffa6f166825279e1db92c68"", ""verification_status"": ""source_compared_AI""}"
"ไก่, เลือด, ต้ม","Chicken, blood, cooked",เนื้อสัตว์,100 กรัม,100,30,7.1,0,0.2,0,ASEAN-FCD-2014-INMU:AAF91,"{""carb_definition"": ""available"", ""fiber_definition"": ""total_dietary"", ""human_review_status"": ""pending"", ""portion_basis"": ""source_weight"", ""source_basis"": ""per_100g"", ""source_comparison"": ""pdf_text_compared"", ""source_path"": ""knowledge\\sources\\evidence-2026-10-01\\ASEAN-2014.pdf"", ""source_pdf_page"": 48, ""source_sha256"": ""121ea627bc4250cfff208d046816abe20e1e53556ffa6f166825279e1db92c68"", ""verification_status"": ""source_compared_AI""}"
"ไก่, อก, ดิบ","Chicken, breast, w/ skin, raw Daging ayam, bahagian dada",เนื้อสัตว์,100 กรัม,100,152,19.9,0,8,0,ASEAN-FCD-2014-INMU:PHF093,"{""carb_definition"": ""available"", ""fiber_definition"": ""total_dietary"", ""human_review_status"": ""pending"", ""portion_basis"": ""source_weight"", ""source_basis"": ""per_100g"", ""source_comparison"": ""pdf_text_compared"", ""source_path"": ""knowledge\\sources\\evidence-2026-10-01\\ASEAN-2014.pdf"", ""source_pdf_page"": 48, ""source_sha256"": ""121ea627bc4250cfff208d046816abe20e1e53556ffa6f166825279e1db92c68"", ""verification_status"": ""source_compared_AI""}"
"ไก่, น่อง, ดิบ","Chicken, drumstick, raw Manok binti",เนื้อสัตว์,100 กรัม,100,152,17.9,4,7.2,0,ASEAN-FCD-2014-INMU:AAF100,"{""carb_definition"": ""available"", ""fiber_definition"": ""total_dietary"", ""human_review_status"": ""pending"", ""portion_basis"": ""source_weight"", ""source_basis"": ""per_100g"", ""source_comparison"": ""pdf_text_compared"", ""source_path"": ""knowledge\\sources\\evidence-2026-10-01\\ASEAN-2014.pdf"", ""source_pdf_page"": 48, ""source_sha256"": ""121ea627bc4250cfff208d046816abe20e1e53556ffa6f166825279e1db92c68"", ""verification_status"": ""source_compared_AI""}"
"ไก่ดำ, กึ๋น, ดิบ","THF32 Chicken, gizzard, raw Hempedal ayam",เนื้อสัตว์,100 กรัม,100,102,20.2,1.2,1.8,0,ASEAN-FCD-2014-INMU:AAF95,"{""carb_definition"": ""available"", ""fiber_definition"": ""total_dietary"", ""human_review_status"": ""pending"", ""portion_basis"": ""source_weight"", ""source_basis"": ""per_100g"", ""source_comparison"": ""pdf_text_compared"", ""source_path"": ""knowledge\\sources\\evidence-2026-10-01\\ASEAN-2014.pdf"", ""source_pdf_page"": 48, ""source_sha256"": ""121ea627bc4250cfff208d046816abe20e1e53556ffa6f166825279e1db92c68"", ""verification_status"": ""source_compared_AI""}"
"ไก่ป่า, ปีก, เนื้อและหนัง, ดิบ","Chicken, jungle fowl, wing, w/ skin, raw",เนื้อสัตว์,100 กรัม,100,187,22.1,0,11,0,ASEAN-FCD-2014-INMU:AAF186,"{""carb_definition"": ""available"", ""fiber_definition"": ""total_dietary"", ""human_review_status"": ""pending"", ""portion_basis"": ""source_weight"", ""source_basis"": ""per_100g"", ""source_comparison"": ""pdf_text_compared"", ""source_path"": ""knowledge\\sources\\evidence-2026-10-01\\ASEAN-2014.pdf"", ""source_pdf_page"": 48, ""source_sha256"": ""121ea627bc4250cfff208d046816abe20e1e53556ffa6f166825279e1db92c68"", ""verification_status"": ""source_compared_AI""}"
"ไก่, ตับ, ดิบ","THF15 Chicken, liver, raw Hati ayam",เนื้อสัตว์,100 กรัม,100,121,18.6,2.5,4.1,0,ASEAN-FCD-2014-INMU:PHF103,"{""carb_definition"": ""available"", ""fiber_definition"": ""total_dietary"", ""human_review_status"": ""pending"", ""portion_basis"": ""source_weight"", ""source_basis"": ""per_100g"", ""source_comparison"": ""pdf_text_compared"", ""source_path"": ""knowledge\\sources\\evidence-2026-10-01\\ASEAN-2014.pdf"", ""source_pdf_page"": 48, ""source_sha256"": ""121ea627bc4250cfff208d046816abe20e1e53556ffa6f166825279e1db92c68"", ""verification_status"": ""source_compared_AI""}"
"ไก่, สะโพก, ดิบ","Chicken, thigh, w/ skin, raw Manok hita",เนื้อสัตว์,100 กรัม,100,198,17.7,0,14.1,0,ASEAN-FCD-2014-INMU:AAF104,"{""carb_definition"": ""available"", ""fiber_definition"": ""total_dietary"", ""human_review_status"": ""pending"", ""portion_basis"": ""source_weight"", ""source_basis"": ""per_100g"", ""source_comparison"": ""pdf_text_compared"", ""source_path"": ""knowledge\\sources\\evidence-2026-10-01\\ASEAN-2014.pdf"", ""source_pdf_page"": 48, ""source_sha256"": ""121ea627bc4250cfff208d046816abe20e1e53556ffa6f166825279e1db92c68"", ""verification_status"": ""source_compared_AI""}"
"ไก่, ปีก, ดิบ","Chicken, wing, w/ skin, raw Daging ayam, sayap",เนื้อสัตว์,100 กรัม,100,223,17.6,0,17,0,ASEAN-FCD-2014-INMU:THF22,"{""carb_definition"": ""available"", ""fiber_definition"": ""total_dietary"", ""human_review_status"": ""pending"", ""portion_basis"": ""source_weight"", ""source_basis"": ""per_100g"", ""source_comparison"": ""pdf_text_compared"", ""source_path"": ""knowledge\\sources\\evidence-2026-10-01\\ASEAN-2014.pdf"", ""source_pdf_page"": 48, ""source_sha256"": ""121ea627bc4250cfff208d046816abe20e1e53556ffa6f166825279e1db92c68"", ""verification_status"": ""source_compared_AI""}"
"เป็ด, เลือด, ต้ม","Duck, blood, cooked",เนื้อสัตว์,100 กรัม,100,25,5.9,0,0.1,0,ASEAN-FCD-2014-INMU:AAF190,"{""carb_definition"": ""available"", ""fiber_definition"": ""total_dietary"", ""human_review_status"": ""pending"", ""portion_basis"": ""source_weight"", ""source_basis"": ""per_100g"", ""source_comparison"": ""pdf_text_compared"", ""source_path"": ""knowledge\\sources\\evidence-2026-10-01\\ASEAN-2014.pdf"", ""source_pdf_page"": 48, ""source_sha256"": ""121ea627bc4250cfff208d046816abe20e1e53556ffa6f166825279e1db92c68"", ""verification_status"": ""source_compared_AI""}"
"เป็ด, เนื้อ, ดิบ","Duck, meat, raw",เนื้อสัตว์,100 กรัม,100,233,15.6,0,19,0,ASEAN-FCD-2014-INMU:AAF111,"{""carb_definition"": ""available"", ""fiber_definition"": ""total_dietary"", ""human_review_status"": ""pending"", ""portion_basis"": ""source_weight"", ""source_basis"": ""per_100g"", ""source_comparison"": ""pdf_text_compared"", ""source_path"": ""knowledge\\sources\\evidence-2026-10-01\\ASEAN-2014.pdf"", ""source_pdf_page"": 49, ""source_sha256"": ""121ea627bc4250cfff208d046816abe20e1e53556ffa6f166825279e1db92c68"", ""verification_status"": ""source_compared_AI""}"
เขียด,"Frog, small",เนื้อสัตว์,100 กรัม,100,80,15.1,0.4,2,0,ASEAN-FCD-2014-INMU:AAF114,"{""carb_definition"": ""available"", ""fiber_definition"": ""total_dietary"", ""human_review_status"": ""pending"", ""portion_basis"": ""source_weight"", ""source_basis"": ""per_100g"", ""source_comparison"": ""pdf_text_compared"", ""source_path"": ""knowledge\\sources\\evidence-2026-10-01\\ASEAN-2014.pdf"", ""source_pdf_page"": 49, ""source_sha256"": ""121ea627bc4250cfff208d046816abe20e1e53556ffa6f166825279e1db92c68"", ""verification_status"": ""source_compared_AI""}"
"แหนม, หมู","Nam/Jihn-som (Pork sausage, fermented), packed in banana leaf",เนื้อสัตว์,100 กรัม,100,185,20.1,0,11.6,0,ASEAN-FCD-2014-INMU:AAF148,"{""carb_definition"": ""available"", ""fiber_definition"": ""total_dietary"", ""human_review_status"": ""pending"", ""portion_basis"": ""source_weight"", ""source_basis"": ""per_100g"", ""source_comparison"": ""pdf_text_compared"", ""source_path"": ""knowledge\\sources\\evidence-2026-10-01\\ASEAN-2014.pdf"", ""source_pdf_page"": 49, ""source_sha256"": ""121ea627bc4250cfff208d046816abe20e1e53556ffa6f166825279e1db92c68"", ""verification_status"": ""source_compared_AI""}"
"หมู, หัวใจ, ดิบ","Pork, heart, raw Baboy puso",เนื้อสัตว์,100 กรัม,100,114,16.8,1.5,4.5,0,ASEAN-FCD-2014-INMU:AAF121,"{""carb_definition"": ""available"", ""fiber_definition"": ""total_dietary"", ""human_review_status"": ""pending"", ""portion_basis"": ""source_weight"", ""source_basis"": ""per_100g"", ""source_comparison"": ""pdf_text_compared"", ""source_path"": ""knowledge\\sources\\evidence-2026-10-01\\ASEAN-2014.pdf"", ""source_pdf_page"": 49, ""source_sha256"": ""121ea627bc4250cfff208d046816abe20e1e53556ffa6f166825279e1db92c68"", ""verification_status"": ""source_compared_AI""}"
"หมู, ตับ, ทอด","Pork, liver, fried",เนื้อสัตว์,100 กรัม,100,268,33.2,4.6,13,0,ASEAN-FCD-2014-INMU:AAF197,"{""carb_definition"": ""available"", ""fiber_definition"": ""total_dietary"", ""human_review_status"": ""pending"", ""portion_basis"": ""source_weight"", ""source_basis"": ""per_100g"", ""source_comparison"": ""pdf_text_compared"", ""source_path"": ""knowledge\\sources\\evidence-2026-10-01\\ASEAN-2014.pdf"", ""source_pdf_page"": 49, ""source_sha256"": ""121ea627bc4250cfff208d046816abe20e1e53556ffa6f166825279e1db92c68"", ""verification_status"": ""source_compared_AI""}"
"หมู, ตับ, ดิบ","Pork, liver, raw Baboy atay",เนื้อสัตว์,100 กรัม,100,125,19.2,3.6,3.8,0,ASEAN-FCD-2014-INMU:AAF126,"{""carb_definition"": ""available"", ""fiber_definition"": ""total_dietary"", ""human_review_status"": ""pending"", ""portion_basis"": ""source_weight"", ""source_basis"": ""per_100g"", ""source_comparison"": ""pdf_text_compared"", ""source_path"": ""knowledge\\sources\\evidence-2026-10-01\\ASEAN-2014.pdf"", ""source_pdf_page"": 49, ""source_sha256"": ""121ea627bc4250cfff208d046816abe20e1e53556ffa6f166825279e1db92c68"", ""verification_status"": ""source_compared_AI""}"
"หมู, ปอด, ดิบ","Pork, lung, raw Baboy baga",เนื้อสัตว์,100 กรัม,100,98,13.6,0.4,4.7,0,ASEAN-FCD-2014-INMU:AAF130,"{""carb_definition"": ""available"", ""fiber_definition"": ""total_dietary"", ""human_review_status"": ""pending"", ""portion_basis"": ""source_weight"", ""source_basis"": ""per_100g"", ""source_comparison"": ""pdf_text_compared"", ""source_path"": ""knowledge\\sources\\evidence-2026-10-01\\ASEAN-2014.pdf"", ""source_pdf_page"": 49, ""source_sha256"": ""121ea627bc4250cfff208d046816abe20e1e53556ffa6f166825279e1db92c68"", ""verification_status"": ""source_compared_AI""}"
"หมู, ตับอ่อน, ดิบ","Pork, pancreas, raw",เนื้อสัตว์,100 กรัม,100,86,16.9,1.8,1.2,0,ASEAN-FCD-2014-INMU:AAF187,"{""carb_definition"": ""available"", ""fiber_definition"": ""total_dietary"", ""human_review_status"": ""pending"", ""portion_basis"": ""source_weight"", ""source_basis"": ""per_100g"", ""source_comparison"": ""pdf_text_compared"", ""source_path"": ""knowledge\\sources\\evidence-2026-10-01\\ASEAN-2014.pdf"", ""source_pdf_page"": 49, ""source_sha256"": ""121ea627bc4250cfff208d046816abe20e1e53556ffa6f166825279e1db92c68"", ""verification_status"": ""source_compared_AI""}"
"หมู, ซี่โครง, ดิบ","Pork, rib, deboned, raw Baboy tadyang",เนื้อสัตว์,100 กรัม,100,210,17.1,4.4,13.8,0,ASEAN-FCD-2014-INMU:AAF150,"{""carb_definition"": ""available"", ""fiber_definition"": ""total_dietary"", ""human_review_status"": ""pending"", ""portion_basis"": ""source_weight"", ""source_basis"": ""per_100g"", ""source_comparison"": ""pdf_text_compared"", ""source_path"": ""knowledge\\sources\\evidence-2026-10-01\\ASEAN-2014.pdf"", ""source_pdf_page"": 49, ""source_sha256"": ""121ea627bc4250cfff208d046816abe20e1e53556ffa6f166825279e1db92c68"", ""verification_status"": ""source_compared_AI""}"
"หมู, คอ, ดิบ","Pork, shoulder, raw",เนื้อสัตว์,100 กรัม,100,189,18.4,0,12.8,0,ASEAN-FCD-2014-INMU:AAF158,"{""carb_definition"": ""available"", ""fiber_definition"": ""total_dietary"", ""human_review_status"": ""pending"", ""portion_basis"": ""source_weight"", ""source_basis"": ""per_100g"", ""source_comparison"": ""pdf_text_compared"", ""source_path"": ""knowledge\\sources\\evidence-2026-10-01\\ASEAN-2014.pdf"", ""source_pdf_page"": 49, ""source_sha256"": ""121ea627bc4250cfff208d046816abe20e1e53556ffa6f166825279e1db92c68"", ""verification_status"": ""source_compared_AI""}"
"หมู, คอ, ย่าง","Pork, shoulder, broiled",เนื้อสัตว์,100 กรัม,100,284,35.9,3.6,14,0,ASEAN-FCD-2014-INMU:AAF152,"{""carb_definition"": ""available"", ""fiber_definition"": ""total_dietary"", ""human_review_status"": ""pending"", ""portion_basis"": ""source_weight"", ""source_basis"": ""per_100g"", ""source_comparison"": ""pdf_text_compared"", ""source_path"": ""knowledge\\sources\\evidence-2026-10-01\\ASEAN-2014.pdf"", ""source_pdf_page"": 49, ""source_sha256"": ""121ea627bc4250cfff208d046816abe20e1e53556ffa6f166825279e1db92c68"", ""verification_status"": ""source_compared_AI""}"
"หมู, คอ, ทอด","Pork, shoulder, fried",เนื้อสัตว์,100 กรัม,100,296,35,2.4,16.3,0,ASEAN-FCD-2014-INMU:AAF202,"{""carb_definition"": ""available"", ""fiber_definition"": ""total_dietary"", ""human_review_status"": ""pending"", ""portion_basis"": ""source_weight"", ""source_basis"": ""per_100g"", ""source_comparison"": ""pdf_text_compared"", ""source_path"": ""knowledge\\sources\\evidence-2026-10-01\\ASEAN-2014.pdf"", ""source_pdf_page"": 49, ""source_sha256"": ""121ea627bc4250cfff208d046816abe20e1e53556ffa6f166825279e1db92c68"", ""verification_status"": ""source_compared_AI""}"
"หมู, สันใน, ดิบ","Pork, tenderloin, raw",เนื้อสัตว์,100 กรัม,100,116,21.8,0,3.2,0,ASEAN-FCD-2014-INMU:AAF204,"{""carb_definition"": ""available"", ""fiber_definition"": ""total_dietary"", ""human_review_status"": ""pending"", ""portion_basis"": ""source_weight"", ""source_basis"": ""per_100g"", ""source_comparison"": ""pdf_text_compared"", ""source_path"": ""knowledge\\sources\\evidence-2026-10-01\\ASEAN-2014.pdf"", ""source_pdf_page"": 49, ""source_sha256"": ""121ea627bc4250cfff208d046816abe20e1e53556ffa6f166825279e1db92c68"", ""verification_status"": ""source_compared_AI""}"
"ปลาไส้ตัน, แห้ง","Anchovy, dried Ikan bilis, kering, seluruh",ปลาและอาหารทะเล,100 กรัม,100,242,53.4,0.7,2.8,0,ASEAN-FCD-2014-INMU:THG138,"{""carb_definition"": ""available"", ""fiber_definition"": ""total_dietary"", ""human_review_status"": ""pending"", ""portion_basis"": ""source_weight"", ""source_basis"": ""per_100g"", ""source_comparison"": ""pdf_text_compared"", ""source_path"": ""knowledge\\sources\\evidence-2026-10-01\\ASEAN-2014.pdf"", ""source_pdf_page"": 50, ""source_sha256"": ""121ea627bc4250cfff208d046816abe20e1e53556ffa6f166825279e1db92c68"", ""verification_status"": ""source_compared_AI""}"
"ปลาไส้ตัน, สด","Anchovy, fresh, whole Ikan bilis, segar, seluruh",ปลาและอาหารทะเล,100 กรัม,100,81,18.5,0.1,0.7,0,ASEAN-FCD-2014-INMU:PHG005,"{""carb_definition"": ""available"", ""fiber_definition"": ""total_dietary"", ""human_review_status"": ""pending"", ""portion_basis"": ""source_weight"", ""source_basis"": ""per_100g"", ""source_comparison"": ""pdf_text_compared"", ""source_path"": ""knowledge\\sources\\evidence-2026-10-01\\ASEAN-2014.pdf"", ""source_pdf_page"": 50, ""source_sha256"": ""121ea627bc4250cfff208d046816abe20e1e53556ffa6f166825279e1db92c68"", ""verification_status"": ""source_compared_AI""}"
"หอยลาย, รมควัน, บรรจุกระป๋อง","Baby clams, smoked, canned",ปลาและอาหารทะเล,100 กรัม,100,358,14.6,5.7,30.4,2,ASEAN-FCD-2014-INMU:AAG136,"{""carb_definition"": ""available"", ""fiber_definition"": ""total_dietary"", ""human_review_status"": ""pending"", ""portion_basis"": ""source_weight"", ""source_basis"": ""per_100g"", ""source_comparison"": ""pdf_text_compared"", ""source_path"": ""knowledge\\sources\\evidence-2026-10-01\\ASEAN-2014.pdf"", ""source_pdf_page"": 50, ""source_sha256"": ""121ea627bc4250cfff208d046816abe20e1e53556ffa6f166825279e1db92c68"", ""verification_status"": ""source_compared_AI""}"
"ปลาไน, สด","Carp, common, raw Lee koh",ปลาและอาหารทะเล,100 กรัม,100,105,17,3.2,2.7,0,ASEAN-FCD-2014-INMU:THG101,"{""carb_definition"": ""available"", ""fiber_definition"": ""total_dietary"", ""human_review_status"": ""pending"", ""portion_basis"": ""source_weight"", ""source_basis"": ""per_100g"", ""source_comparison"": ""pdf_text_compared"", ""source_path"": ""knowledge\\sources\\evidence-2026-10-01\\ASEAN-2014.pdf"", ""source_pdf_page"": 50, ""source_sha256"": ""121ea627bc4250cfff208d046816abe20e1e53556ffa6f166825279e1db92c68"", ""verification_status"": ""source_compared_AI""}"
"ปลาดุกอุย, ต้ม","Catfish, gunther's walking, boiled",ปลาและอาหารทะเล,100 กรัม,100,212,18.2,0,15.5,0,ASEAN-FCD-2014-INMU:AAG25,"{""carb_definition"": ""available"", ""fiber_definition"": ""total_dietary"", ""human_review_status"": ""pending"", ""portion_basis"": ""source_weight"", ""source_basis"": ""per_100g"", ""source_comparison"": ""pdf_text_compared"", ""source_path"": ""knowledge\\sources\\evidence-2026-10-01\\ASEAN-2014.pdf"", ""source_pdf_page"": 50, ""source_sha256"": ""121ea627bc4250cfff208d046816abe20e1e53556ffa6f166825279e1db92c68"", ""verification_status"": ""source_compared_AI""}"
"ปลาดุกอุย, ทอด","Catfish, gunther's walking, fried",ปลาและอาหารทะเล,100 กรัม,100,315,28.1,0,22.5,0,ASEAN-FCD-2014-INMU:AAG26,"{""carb_definition"": ""available"", ""fiber_definition"": ""total_dietary"", ""human_review_status"": ""pending"", ""portion_basis"": ""source_weight"", ""source_basis"": ""per_100g"", ""source_comparison"": ""pdf_text_compared"", ""source_path"": ""knowledge\\sources\\evidence-2026-10-01\\ASEAN-2014.pdf"", ""source_pdf_page"": 50, ""source_sha256"": ""121ea627bc4250cfff208d046816abe20e1e53556ffa6f166825279e1db92c68"", ""verification_status"": ""source_compared_AI""}"
"ปลาดุกอุย, สด","Catfish, gunther's walking, raw",ปลาและอาหารทะเล,100 กรัม,100,209,17.8,1.3,14.7,0,ASEAN-FCD-2014-INMU:AAG24,"{""carb_definition"": ""available"", ""fiber_definition"": ""total_dietary"", ""human_review_status"": ""pending"", ""portion_basis"": ""source_weight"", ""source_basis"": ""per_100g"", ""source_comparison"": ""pdf_text_compared"", ""source_path"": ""knowledge\\sources\\evidence-2026-10-01\\ASEAN-2014.pdf"", ""source_pdf_page"": 50, ""source_sha256"": ""121ea627bc4250cfff208d046816abe20e1e53556ffa6f166825279e1db92c68"", ""verification_status"": ""source_compared_AI""}"
"ปลาดุกอุย, ย่าง","Catfish, gunther's walking, roasted",ปลาและอาหารทะเล,100 กรัม,100,276,27.8,0.9,17.9,0,ASEAN-FCD-2014-INMU:AAG27,"{""carb_definition"": ""available"", ""fiber_definition"": ""total_dietary"", ""human_review_status"": ""pending"", ""portion_basis"": ""source_weight"", ""source_basis"": ""per_100g"", ""source_comparison"": ""pdf_text_compared"", ""source_path"": ""knowledge\\sources\\evidence-2026-10-01\\ASEAN-2014.pdf"", ""source_pdf_page"": 50, ""source_sha256"": ""121ea627bc4250cfff208d046816abe20e1e53556ffa6f166825279e1db92c68"", ""verification_status"": ""source_compared_AI""}"
"ปลาสวาย, สด","Catfish, striped, , w/ skin, raw",ปลาและอาหารทะเล,100 กรัม,100,215,15,1.5,16.5,0,ASEAN-FCD-2014-INMU:AAG217,"{""carb_definition"": ""available"", ""fiber_definition"": ""total_dietary"", ""human_review_status"": ""pending"", ""portion_basis"": ""source_weight"", ""source_basis"": ""per_100g"", ""source_comparison"": ""pdf_text_compared"", ""source_path"": ""knowledge\\sources\\evidence-2026-10-01\\ASEAN-2014.pdf"", ""source_pdf_page"": 50, ""source_sha256"": ""121ea627bc4250cfff208d046816abe20e1e53556ffa6f166825279e1db92c68"", ""verification_status"": ""source_compared_AI""}"
ปลากดขาว(กดหลาว),"Catfish, truncated estuarine, raw",ปลาและอาหารทะเล,100 กรัม,100,92,18.7,0.1,1.9,0,ASEAN-FCD-2014-INMU:AAG160,"{""carb_definition"": ""available"", ""fiber_definition"": ""total_dietary"", ""human_review_status"": ""pending"", ""portion_basis"": ""source_weight"", ""source_basis"": ""per_100g"", ""source_comparison"": ""pdf_text_compared"", ""source_path"": ""knowledge\\sources\\evidence-2026-10-01\\ASEAN-2014.pdf"", ""source_pdf_page"": 50, ""source_sha256"": ""121ea627bc4250cfff208d046816abe20e1e53556ffa6f166825279e1db92c68"", ""verification_status"": ""source_compared_AI""}"
หอยลาย,"Clam, undulated surf",ปลาและอาหารทะเล,100 กรัม,100,64,10.3,4.5,0.5,0,ASEAN-FCD-2014-INMU:AAG250,"{""carb_definition"": ""available"", ""fiber_definition"": ""total_dietary"", ""human_review_status"": ""pending"", ""portion_basis"": ""source_weight"", ""source_basis"": ""per_100g"", ""source_comparison"": ""pdf_text_compared"", ""source_path"": ""knowledge\\sources\\evidence-2026-10-01\\ASEAN-2014.pdf"", ""source_pdf_page"": 50, ""source_sha256"": ""121ea627bc4250cfff208d046816abe20e1e53556ffa6f166825279e1db92c68"", ""verification_status"": ""source_compared_AI""}"
ปลาช่อนทะเล,"Cobia/Black kingfish, raw",ปลาและอาหารทะเล,100 กรัม,100,92,18.7,0.1,1.9,0,ASEAN-FCD-2014-INMU:AAG288,"{""carb_definition"": ""available"", ""fiber_definition"": ""total_dietary"", ""human_review_status"": ""pending"", ""portion_basis"": ""source_weight"", ""source_basis"": ""per_100g"", ""source_comparison"": ""pdf_text_compared"", ""source_path"": ""knowledge\\sources\\evidence-2026-10-01\\ASEAN-2014.pdf"", ""source_pdf_page"": 50, ""source_sha256"": ""121ea627bc4250cfff208d046816abe20e1e53556ffa6f166825279e1db92c68"", ""verification_status"": ""source_compared_AI""}"
หอยแครง,"Cockle/ark shell, fresh Kerang",ปลาและอาหารทะเล,100 กรัม,100,71,11.7,3.5,1.1,0,ASEAN-FCD-2014-INMU:THG169,"{""carb_definition"": ""available"", ""fiber_definition"": ""total_dietary"", ""human_review_status"": ""pending"", ""portion_basis"": ""source_weight"", ""source_basis"": ""per_100g"", ""source_comparison"": ""pdf_text_compared"", ""source_path"": ""knowledge\\sources\\evidence-2026-10-01\\ASEAN-2014.pdf"", ""source_pdf_page"": 50, ""source_sha256"": ""121ea627bc4250cfff208d046816abe20e1e53556ffa6f166825279e1db92c68"", ""verification_status"": ""source_compared_AI""}"
"ปูทะเล, เนื้อ, ต้ม","Crabmeat, mud, boiled Ketam bunga, direbus",ปลาและอาหารทะเล,100 กรัม,100,86,17.7,0.3,1.6,0,ASEAN-FCD-2014-INMU:PHG041,"{""carb_definition"": ""available"", ""fiber_definition"": ""total_dietary"", ""human_review_status"": ""pending"", ""portion_basis"": ""source_weight"", ""source_basis"": ""per_100g"", ""source_comparison"": ""pdf_text_compared"", ""source_path"": ""knowledge\\sources\\evidence-2026-10-01\\ASEAN-2014.pdf"", ""source_pdf_page"": 50, ""source_sha256"": ""121ea627bc4250cfff208d046816abe20e1e53556ffa6f166825279e1db92c68"", ""verification_status"": ""source_compared_AI""}"
"ปูทะเล, เนื้อ","Crabmeat, mud, fresh Alimango laman",ปลาและอาหารทะเล,100 กรัม,100,98,17.9,0,2.9,0,ASEAN-FCD-2014-INMU:AAG40,"{""carb_definition"": ""available"", ""fiber_definition"": ""total_dietary"", ""human_review_status"": ""pending"", ""portion_basis"": ""source_weight"", ""source_basis"": ""per_100g"", ""source_comparison"": ""pdf_text_compared"", ""source_path"": ""knowledge\\sources\\evidence-2026-10-01\\ASEAN-2014.pdf"", ""source_pdf_page"": 50, ""source_sha256"": ""121ea627bc4250cfff208d046816abe20e1e53556ffa6f166825279e1db92c68"", ""verification_status"": ""source_compared_AI""}"
"ปลาหมึกกระดอง, สด","Cuttlefish, raw Sotong",ปลาและอาหารทะเล,100 กรัม,100,72,15.9,0,0.9,0,ASEAN-FCD-2014-INMU:AAG42,"{""carb_definition"": ""available"", ""fiber_definition"": ""total_dietary"", ""human_review_status"": ""pending"", ""portion_basis"": ""source_weight"", ""source_basis"": ""per_100g"", ""source_comparison"": ""pdf_text_compared"", ""source_path"": ""knowledge\\sources\\evidence-2026-10-01\\ASEAN-2014.pdf"", ""source_pdf_page"": 50, ""source_sha256"": ""121ea627bc4250cfff208d046816abe20e1e53556ffa6f166825279e1db92c68"", ""verification_status"": ""source_compared_AI""}"
"ปลาไหล, ต้ม","Eel, swamp, boiled",ปลาและอาหารทะเล,100 กรัม,100,92,20.7,0.9,0.6,0,ASEAN-FCD-2014-INMU:AAG146,"{""carb_definition"": ""available"", ""fiber_definition"": ""total_dietary"", ""human_review_status"": ""pending"", ""portion_basis"": ""source_weight"", ""source_basis"": ""per_100g"", ""source_comparison"": ""pdf_text_compared"", ""source_path"": ""knowledge\\sources\\evidence-2026-10-01\\ASEAN-2014.pdf"", ""source_pdf_page"": 51, ""source_sha256"": ""121ea627bc4250cfff208d046816abe20e1e53556ffa6f166825279e1db92c68"", ""verification_status"": ""source_compared_AI""}"
"ปลาไหล, สด","Eel, swamp, raw",ปลาและอาหารทะเล,100 กรัม,100,86,19.7,0,0.8,0,ASEAN-FCD-2014-INMU:AAG286,"{""carb_definition"": ""available"", ""fiber_definition"": ""total_dietary"", ""human_review_status"": ""pending"", ""portion_basis"": ""source_weight"", ""source_basis"": ""per_100g"", ""source_comparison"": ""pdf_text_compared"", ""source_path"": ""knowledge\\sources\\evidence-2026-10-01\\ASEAN-2014.pdf"", ""source_pdf_page"": 51, ""source_sha256"": ""121ea627bc4250cfff208d046816abe20e1e53556ffa6f166825279e1db92c68"", ""verification_status"": ""source_compared_AI""}"
"ปลาสลาด (ฉลาด), สด","Featherback, grey (knifefish), raw Belida",ปลาและอาหารทะเล,100 กรัม,100,94,19.6,0.5,1.5,0,ASEAN-FCD-2014-INMU:MYG425,"{""carb_definition"": ""available"", ""fiber_definition"": ""total_dietary"", ""human_review_status"": ""pending"", ""portion_basis"": ""source_weight"", ""source_basis"": ""per_100g"", ""source_comparison"": ""pdf_text_compared"", ""source_path"": ""knowledge\\sources\\evidence-2026-10-01\\ASEAN-2014.pdf"", ""source_pdf_page"": 51, ""source_sha256"": ""121ea627bc4250cfff208d046816abe20e1e53556ffa6f166825279e1db92c68"", ""verification_status"": ""source_compared_AI""}"
"ปลาสลาด, ย่าง","Featherback, grey (knifefish), roasted",ปลาและอาหารทะเล,100 กรัม,100,366,81.7,9.5,0.1,0,ASEAN-FCD-2014-INMU:AAG62,"{""carb_definition"": ""available"", ""fiber_definition"": ""total_dietary"", ""human_review_status"": ""pending"", ""portion_basis"": ""source_weight"", ""source_basis"": ""per_100g"", ""source_comparison"": ""pdf_text_compared"", ""source_path"": ""knowledge\\sources\\evidence-2026-10-01\\ASEAN-2014.pdf"", ""source_pdf_page"": 51, ""source_sha256"": ""121ea627bc4250cfff208d046816abe20e1e53556ffa6f166825279e1db92c68"", ""verification_status"": ""source_compared_AI""}"
"ปลากราย, ขูด, ต้ม","Featherback, spotted (knifefish) flesh, cooked",ปลาและอาหารทะเล,100 กรัม,100,82,16,2.7,0.8,0,ASEAN-FCD-2014-INMU:AAG208,"{""carb_definition"": ""available"", ""fiber_definition"": ""total_dietary"", ""human_review_status"": ""pending"", ""portion_basis"": ""source_weight"", ""source_basis"": ""per_100g"", ""source_comparison"": ""pdf_text_compared"", ""source_path"": ""knowledge\\sources\\evidence-2026-10-01\\ASEAN-2014.pdf"", ""source_pdf_page"": 51, ""source_sha256"": ""121ea627bc4250cfff208d046816abe20e1e53556ffa6f166825279e1db92c68"", ""verification_status"": ""source_compared_AI""}"
"ปลากราย, ขูด, ดิบ","Featherback, spotted (knifefish), flesh, raw",ปลาและอาหารทะเล,100 กรัม,100,84,17.5,0,1.6,0,ASEAN-FCD-2014-INMU:AAG206,"{""carb_definition"": ""available"", ""fiber_definition"": ""total_dietary"", ""human_review_status"": ""pending"", ""portion_basis"": ""source_weight"", ""source_basis"": ""per_100g"", ""source_comparison"": ""pdf_text_compared"", ""source_path"": ""knowledge\\sources\\evidence-2026-10-01\\ASEAN-2014.pdf"", ""source_pdf_page"": 51, ""source_sha256"": ""121ea627bc4250cfff208d046816abe20e1e53556ffa6f166825279e1db92c68"", ""verification_status"": ""source_compared_AI""}"
"ปลากราย, หางแพน, สด","Featherback, spotted (knifefish), raw",ปลาและอาหารทะเล,100 กรัม,100,78,16.7,0.2,1.2,0,ASEAN-FCD-2014-INMU:AAG207,"{""carb_definition"": ""available"", ""fiber_definition"": ""total_dietary"", ""human_review_status"": ""pending"", ""portion_basis"": ""source_weight"", ""source_basis"": ""per_100g"", ""source_comparison"": ""pdf_text_compared"", ""source_path"": ""knowledge\\sources\\evidence-2026-10-01\\ASEAN-2014.pdf"", ""source_pdf_page"": 51, ""source_sha256"": ""121ea627bc4250cfff208d046816abe20e1e53556ffa6f166825279e1db92c68"", ""verification_status"": ""source_compared_AI""}"
"ปลาร้า, จากท้องตลาด","Fermented fish (Pla-ra), from markets",ปลาและอาหารทะเล,100 กรัม,100,102,13.3,3.2,3.9,1,ASEAN-FCD-2014-INMU:AAG46,"{""carb_definition"": ""available"", ""fiber_definition"": ""total_dietary"", ""human_review_status"": ""pending"", ""portion_basis"": ""source_weight"", ""source_basis"": ""per_100g"", ""source_comparison"": ""pdf_text_compared"", ""source_path"": ""knowledge\\sources\\evidence-2026-10-01\\ASEAN-2014.pdf"", ""source_pdf_page"": 51, ""source_sha256"": ""121ea627bc4250cfff208d046816abe20e1e53556ffa6f166825279e1db92c68"", ""verification_status"": ""source_compared_AI""}"
"ปลากะพงขาว, ต้ม","Giant seaperch, boiled",ปลาและอาหารทะเล,100 กรัม,100,136,23.7,0,4.6,0,ASEAN-FCD-2014-INMU:AAG55,"{""carb_definition"": ""available"", ""fiber_definition"": ""total_dietary"", ""human_review_status"": ""pending"", ""portion_basis"": ""source_weight"", ""source_basis"": ""per_100g"", ""source_comparison"": ""pdf_text_compared"", ""source_path"": ""knowledge\\sources\\evidence-2026-10-01\\ASEAN-2014.pdf"", ""source_pdf_page"": 51, ""source_sha256"": ""121ea627bc4250cfff208d046816abe20e1e53556ffa6f166825279e1db92c68"", ""verification_status"": ""source_compared_AI""}"
"ปลากะพงขาว, สด","MYG455,MY G454 Giant seaperch, raw Siakap",ปลาและอาหารทะเล,100 กรัม,100,111,20.5,0,3.2,0,ASEAN-FCD-2014-INMU:THG28,"{""carb_definition"": ""available"", ""fiber_definition"": ""total_dietary"", ""human_review_status"": ""pending"", ""portion_basis"": ""source_weight"", ""source_basis"": ""per_100g"", ""source_comparison"": ""pdf_text_compared"", ""source_path"": ""knowledge\\sources\\evidence-2026-10-01\\ASEAN-2014.pdf"", ""source_pdf_page"": 51, ""source_sha256"": ""121ea627bc4250cfff208d046816abe20e1e53556ffa6f166825279e1db92c68"", ""verification_status"": ""source_compared_AI""}"
"ปลากะพงขาว, นึ่ง","N Giant seaperch, steamed",ปลาและอาหารทะเล,100 กรัม,100,138,21.2,1.7,5.2,0,ASEAN-FCD-2014-INMU:AAG56,"{""carb_definition"": ""available"", ""fiber_definition"": ""total_dietary"", ""human_review_status"": ""pending"", ""portion_basis"": ""source_weight"", ""source_basis"": ""per_100g"", ""source_comparison"": ""pdf_text_compared"", ""source_path"": ""knowledge\\sources\\evidence-2026-10-01\\ASEAN-2014.pdf"", ""source_pdf_page"": 51, ""source_sha256"": ""121ea627bc4250cfff208d046816abe20e1e53556ffa6f166825279e1db92c68"", ""verification_status"": ""source_compared_AI""}"
"ปลาสลิด, แห้ง","Gourami, snake skin, dried",ปลาและอาหารทะเล,100 กรัม,100,265,45.3,0.6,9,0,ASEAN-FCD-2014-INMU:AAG138,"{""carb_definition"": ""available"", ""fiber_definition"": ""total_dietary"", ""human_review_status"": ""pending"", ""portion_basis"": ""source_weight"", ""source_basis"": ""per_100g"", ""source_comparison"": ""pdf_text_compared"", ""source_path"": ""knowledge\\sources\\evidence-2026-10-01\\ASEAN-2014.pdf"", ""source_pdf_page"": 51, ""source_sha256"": ""121ea627bc4250cfff208d046816abe20e1e53556ffa6f166825279e1db92c68"", ""verification_status"": ""source_compared_AI""}"
"ปลาสลิด, สด","Gourami, snake skin, raw Sepat siam",ปลาและอาหารทะเล,100 กรัม,100,83,17.6,0.1,1.3,0,ASEAN-FCD-2014-INMU:MYG434,"{""carb_definition"": ""available"", ""fiber_definition"": ""total_dietary"", ""human_review_status"": ""pending"", ""portion_basis"": ""source_weight"", ""source_basis"": ""per_100g"", ""source_comparison"": ""pdf_text_compared"", ""source_path"": ""knowledge\\sources\\evidence-2026-10-01\\ASEAN-2014.pdf"", ""source_pdf_page"": 51, ""source_sha256"": ""121ea627bc4250cfff208d046816abe20e1e53556ffa6f166825279e1db92c68"", ""verification_status"": ""source_compared_AI""}"
"ปลาสลิด, หมักเกลือ, แห้ง, ต้ม","Gourami, snake skin, salted, dried, boiled",ปลาและอาหารทะเล,100 กรัม,100,166,30.8,0,4.8,0,ASEAN-FCD-2014-INMU:AAG179,"{""carb_definition"": ""available"", ""fiber_definition"": ""total_dietary"", ""human_review_status"": ""pending"", ""portion_basis"": ""source_weight"", ""source_basis"": ""per_100g"", ""source_comparison"": ""pdf_text_compared"", ""source_path"": ""knowledge\\sources\\evidence-2026-10-01\\ASEAN-2014.pdf"", ""source_pdf_page"": 51, ""source_sha256"": ""121ea627bc4250cfff208d046816abe20e1e53556ffa6f166825279e1db92c68"", ""verification_status"": ""source_compared_AI""}"
"ปลาสลิด, หมักเกลือ, แห้ง, ทอด","Gourami, snake skin, salted, dried, fried",ปลาและอาหารทะเล,100 กรัม,100,347,44.1,0,19,0,ASEAN-FCD-2014-INMU:AAG180,"{""carb_definition"": ""available"", ""fiber_definition"": ""total_dietary"", ""human_review_status"": ""pending"", ""portion_basis"": ""source_weight"", ""source_basis"": ""per_100g"", ""source_comparison"": ""pdf_text_compared"", ""source_path"": ""knowledge\\sources\\evidence-2026-10-01\\ASEAN-2014.pdf"", ""source_pdf_page"": 51, ""source_sha256"": ""121ea627bc4250cfff208d046816abe20e1e53556ffa6f166825279e1db92c68"", ""verification_status"": ""source_compared_AI""}"
"ปลาสลิด, หมักเกลือ, แห้ง, ย่าง","Gourami, snake skin, salted, dried, grilled",ปลาและอาหารทะเล,100 กรัม,100,265,46.1,0,9,0,ASEAN-FCD-2014-INMU:AAG181,"{""carb_definition"": ""available"", ""fiber_definition"": ""total_dietary"", ""human_review_status"": ""pending"", ""portion_basis"": ""source_weight"", ""source_basis"": ""per_100g"", ""source_comparison"": ""pdf_text_compared"", ""source_path"": ""knowledge\\sources\\evidence-2026-10-01\\ASEAN-2014.pdf"", ""source_pdf_page"": 51, ""source_sha256"": ""121ea627bc4250cfff208d046816abe20e1e53556ffa6f166825279e1db92c68"", ""verification_status"": ""source_compared_AI""}"
"ปลาเก๋า, ทอด","Grouper, fried",ปลาและอาหารทะเล,100 กรัม,100,241,32,0.1,12.5,0,ASEAN-FCD-2014-INMU:AAG269,"{""carb_definition"": ""available"", ""fiber_definition"": ""total_dietary"", ""human_review_status"": ""pending"", ""portion_basis"": ""source_weight"", ""source_basis"": ""per_100g"", ""source_comparison"": ""pdf_text_compared"", ""source_path"": ""knowledge\\sources\\evidence-2026-10-01\\ASEAN-2014.pdf"", ""source_pdf_page"": 51, ""source_sha256"": ""121ea627bc4250cfff208d046816abe20e1e53556ffa6f166825279e1db92c68"", ""verification_status"": ""source_compared_AI""}"
"ปลาเก๋า, สด","Grouper, raw",ปลาและอาหารทะเล,100 กรัม,100,82,18.9,0.3,0.6,0,ASEAN-FCD-2014-INMU:AAG268,"{""carb_definition"": ""available"", ""fiber_definition"": ""total_dietary"", ""human_review_status"": ""pending"", ""portion_basis"": ""source_weight"", ""source_basis"": ""per_100g"", ""source_comparison"": ""pdf_text_compared"", ""source_path"": ""knowledge\\sources\\evidence-2026-10-01\\ASEAN-2014.pdf"", ""source_pdf_page"": 51, ""source_sha256"": ""121ea627bc4250cfff208d046816abe20e1e53556ffa6f166825279e1db92c68"", ""verification_status"": ""source_compared_AI""}"
"ปลาเก๋า, นึ่ง","Grouper, steamed",ปลาและอาหารทะเล,100 กรัม,100,103,23.9,0.2,0.7,0,ASEAN-FCD-2014-INMU:AAG270,"{""carb_definition"": ""available"", ""fiber_definition"": ""total_dietary"", ""human_review_status"": ""pending"", ""portion_basis"": ""source_weight"", ""source_basis"": ""per_100g"", ""source_comparison"": ""pdf_text_compared"", ""source_path"": ""knowledge\\sources\\evidence-2026-10-01\\ASEAN-2014.pdf"", ""source_pdf_page"": 52, ""source_sha256"": ""121ea627bc4250cfff208d046816abe20e1e53556ffa6f166825279e1db92c68"", ""verification_status"": ""source_compared_AI""}"
"ปลาลัง(ทูโม่ง), สด","Mackerel, Indian, raw Kembong",ปลาและอาหารทะเล,100 กรัม,100,119,21.5,0,3.7,0,ASEAN-FCD-2014-INMU:MYG447,"{""carb_definition"": ""available"", ""fiber_definition"": ""total_dietary"", ""human_review_status"": ""pending"", ""portion_basis"": ""source_weight"", ""source_basis"": ""per_100g"", ""source_comparison"": ""pdf_text_compared"", ""source_path"": ""knowledge\\sources\\evidence-2026-10-01\\ASEAN-2014.pdf"", ""source_pdf_page"": 52, ""source_sha256"": ""121ea627bc4250cfff208d046816abe20e1e53556ffa6f166825279e1db92c68"", ""verification_status"": ""source_compared_AI""}"
"ปลาทู, นึ่ง, ทอด","Mackerel, short- bodied, steamed, fried",ปลาและอาหารทะเล,100 กรัม,100,233,27.5,0.1,13.6,0,ASEAN-FCD-2014-INMU:AAG199,"{""carb_definition"": ""available"", ""fiber_definition"": ""total_dietary"", ""human_review_status"": ""pending"", ""portion_basis"": ""source_weight"", ""source_basis"": ""per_100g"", ""source_comparison"": ""pdf_text_compared"", ""source_path"": ""knowledge\\sources\\evidence-2026-10-01\\ASEAN-2014.pdf"", ""source_pdf_page"": 52, ""source_sha256"": ""121ea627bc4250cfff208d046816abe20e1e53556ffa6f166825279e1db92c68"", ""verification_status"": ""source_compared_AI""}"
"ปลาทู, สด, ต้ม","Mackerel, short-bodied, boiled",ปลาและอาหารทะเล,100 กรัม,100,145,23.4,0.2,5.6,0,ASEAN-FCD-2014-INMU:AAG195,"{""carb_definition"": ""available"", ""fiber_definition"": ""total_dietary"", ""human_review_status"": ""pending"", ""portion_basis"": ""source_weight"", ""source_basis"": ""per_100g"", ""source_comparison"": ""pdf_text_compared"", ""source_path"": ""knowledge\\sources\\evidence-2026-10-01\\ASEAN-2014.pdf"", ""source_pdf_page"": 52, ""source_sha256"": ""121ea627bc4250cfff208d046816abe20e1e53556ffa6f166825279e1db92c68"", ""verification_status"": ""source_compared_AI""}"
"ปลาทู, สด, ทอด","Mackerel, short-bodied, fried",ปลาและอาหารทะเล,100 กรัม,100,236,28,0.3,13.6,0,ASEAN-FCD-2014-INMU:AAG196,"{""carb_definition"": ""available"", ""fiber_definition"": ""total_dietary"", ""human_review_status"": ""pending"", ""portion_basis"": ""source_weight"", ""source_basis"": ""per_100g"", ""source_comparison"": ""pdf_text_compared"", ""source_path"": ""knowledge\\sources\\evidence-2026-10-01\\ASEAN-2014.pdf"", ""source_pdf_page"": 52, ""source_sha256"": ""121ea627bc4250cfff208d046816abe20e1e53556ffa6f166825279e1db92c68"", ""verification_status"": ""source_compared_AI""}"
"ปลาทู, ในน้ำมัน, บรรจุกระป๋อง, เฉพาะเนื้อ","Mackerel, short-bodied, in oil, canned, drained",ปลาและอาหารทะเล,100 กรัม,100,138,23,0.5,4.9,0,ASEAN-FCD-2014-INMU:AAG75,"{""carb_definition"": ""available"", ""fiber_definition"": ""total_dietary"", ""human_review_status"": ""pending"", ""portion_basis"": ""source_weight"", ""source_basis"": ""per_100g"", ""source_comparison"": ""pdf_text_compared"", ""source_path"": ""knowledge\\sources\\evidence-2026-10-01\\ASEAN-2014.pdf"", ""source_pdf_page"": 52, ""source_sha256"": ""121ea627bc4250cfff208d046816abe20e1e53556ffa6f166825279e1db92c68"", ""verification_status"": ""source_compared_AI""}"
"ปลาทู, ในซอสมะเขือเทศ- พริก, บรรจุกระป๋อง","Mackerel, short-bodied, in tomato sauce and chilli, canned",ปลาและอาหารทะเล,100 กรัม,100,101,15.2,1.8,3.3,1.7,ASEAN-FCD-2014-INMU:AAG78,"{""carb_definition"": ""available"", ""fiber_definition"": ""total_dietary"", ""human_review_status"": ""pending"", ""portion_basis"": ""source_weight"", ""source_basis"": ""per_100g"", ""source_comparison"": ""pdf_text_compared"", ""source_path"": ""knowledge\\sources\\evidence-2026-10-01\\ASEAN-2014.pdf"", ""source_pdf_page"": 52, ""source_sha256"": ""121ea627bc4250cfff208d046816abe20e1e53556ffa6f166825279e1db92c68"", ""verification_status"": ""source_compared_AI""}"
"ปลาทู, ในซอสมะเขือเทศ, บรรจุกระป๋อง","Mackerel, short-bodied, in tomato sauce, canned Alumahan, sa tomato sce",ปลาและอาหารทะเล,100 กรัม,100,98,15.2,0.5,3.6,1.6,ASEAN-FCD-2014-INMU:AAG76,"{""carb_definition"": ""available"", ""fiber_definition"": ""total_dietary"", ""human_review_status"": ""pending"", ""portion_basis"": ""source_weight"", ""source_basis"": ""per_100g"", ""source_comparison"": ""pdf_text_compared"", ""source_path"": ""knowledge\\sources\\evidence-2026-10-01\\ASEAN-2014.pdf"", ""source_pdf_page"": 52, ""source_sha256"": ""121ea627bc4250cfff208d046816abe20e1e53556ffa6f166825279e1db92c68"", ""verification_status"": ""source_compared_AI""}"
"ปลาทู, สด","Mackerel, short-bodied, raw Hasa-hasa",ปลาและอาหารทะเล,100 กรัม,100,122,21.4,0,4,0,ASEAN-FCD-2014-INMU:AAG129,"{""carb_definition"": ""available"", ""fiber_definition"": ""total_dietary"", ""human_review_status"": ""pending"", ""portion_basis"": ""source_weight"", ""source_basis"": ""per_100g"", ""source_comparison"": ""pdf_text_compared"", ""source_path"": ""knowledge\\sources\\evidence-2026-10-01\\ASEAN-2014.pdf"", ""source_pdf_page"": 52, ""source_sha256"": ""121ea627bc4250cfff208d046816abe20e1e53556ffa6f166825279e1db92c68"", ""verification_status"": ""source_compared_AI""}"
"ปลาทู, นึ่ง, ต้ม","Mackerel, short-bodied, steamed, boiled",ปลาและอาหารทะเล,100 กรัม,100,120,21.9,1.9,2.7,0,ASEAN-FCD-2014-INMU:AAG198,"{""carb_definition"": ""available"", ""fiber_definition"": ""total_dietary"", ""human_review_status"": ""pending"", ""portion_basis"": ""source_weight"", ""source_basis"": ""per_100g"", ""source_comparison"": ""pdf_text_compared"", ""source_path"": ""knowledge\\sources\\evidence-2026-10-01\\ASEAN-2014.pdf"", ""source_pdf_page"": 52, ""source_sha256"": ""121ea627bc4250cfff208d046816abe20e1e53556ffa6f166825279e1db92c68"", ""verification_status"": ""source_compared_AI""}"
"ปลาอินทรี, ชิ้น, ทอด","Mackerel, Spanish, fried",ปลาและอาหารทะเล,100 กรัม,100,190,28.2,0.2,8.5,0,ASEAN-FCD-2014-INMU:AAG201,"{""carb_definition"": ""available"", ""fiber_definition"": ""total_dietary"", ""human_review_status"": ""pending"", ""portion_basis"": ""source_weight"", ""source_basis"": ""per_100g"", ""source_comparison"": ""pdf_text_compared"", ""source_path"": ""knowledge\\sources\\evidence-2026-10-01\\ASEAN-2014.pdf"", ""source_pdf_page"": 52, ""source_sha256"": ""121ea627bc4250cfff208d046816abe20e1e53556ffa6f166825279e1db92c68"", ""verification_status"": ""source_compared_AI""}"
"ปลาอินทรี, ชิ้น, สด","Mackerel, Spanish, sliced, raw Tenggiri",ปลาและอาหารทะเล,100 กรัม,100,103,19.4,0,2.8,0,ASEAN-FCD-2014-INMU:AAG141,"{""carb_definition"": ""available"", ""fiber_definition"": ""total_dietary"", ""human_review_status"": ""pending"", ""portion_basis"": ""source_weight"", ""source_basis"": ""per_100g"", ""source_comparison"": ""pdf_text_compared"", ""source_path"": ""knowledge\\sources\\evidence-2026-10-01\\ASEAN-2014.pdf"", ""source_pdf_page"": 52, ""source_sha256"": ""121ea627bc4250cfff208d046816abe20e1e53556ffa6f166825279e1db92c68"", ""verification_status"": ""source_compared_AI""}"
"ปลากระบอก (ปีกเหลือง), สด","Mullet, bluespot gray, raw",ปลาและอาหารทะเล,100 กรัม,100,117,24.7,0,2,0,ASEAN-FCD-2014-INMU:AAG262,"{""carb_definition"": ""available"", ""fiber_definition"": ""total_dietary"", ""human_review_status"": ""pending"", ""portion_basis"": ""source_weight"", ""source_basis"": ""per_100g"", ""source_comparison"": ""pdf_text_compared"", ""source_path"": ""knowledge\\sources\\evidence-2026-10-01\\ASEAN-2014.pdf"", ""source_pdf_page"": 52, ""source_sha256"": ""121ea627bc4250cfff208d046816abe20e1e53556ffa6f166825279e1db92c68"", ""verification_status"": ""source_compared_AI""}"
หอยแมลงภู่,"Mussel, green, raw",ปลาและอาหารทะเล,100 กรัม,100,53,9.3,2,0.9,0,ASEAN-FCD-2014-INMU:AAG255,"{""carb_definition"": ""available"", ""fiber_definition"": ""total_dietary"", ""human_review_status"": ""pending"", ""portion_basis"": ""source_weight"", ""source_basis"": ""per_100g"", ""source_comparison"": ""pdf_text_compared"", ""source_path"": ""knowledge\\sources\\evidence-2026-10-01\\ASEAN-2014.pdf"", ""source_pdf_page"": 52, ""source_sha256"": ""121ea627bc4250cfff208d046816abe20e1e53556ffa6f166825279e1db92c68"", ""verification_status"": ""source_compared_AI""}"
"ปลานิล, ต้ม","Nile tilapia, boiled",ปลาและอาหารทะเล,100 กรัม,100,123,21.4,0,4.2,0,ASEAN-FCD-2014-INMU:AAG221,"{""carb_definition"": ""available"", ""fiber_definition"": ""total_dietary"", ""human_review_status"": ""pending"", ""portion_basis"": ""source_weight"", ""source_basis"": ""per_100g"", ""source_comparison"": ""pdf_text_compared"", ""source_path"": ""knowledge\\sources\\evidence-2026-10-01\\ASEAN-2014.pdf"", ""source_pdf_page"": 52, ""source_sha256"": ""121ea627bc4250cfff208d046816abe20e1e53556ffa6f166825279e1db92c68"", ""verification_status"": ""source_compared_AI""}"
หอยนางรม,"Oyster, raw Tiram",ปลาและอาหารทะเล,100 กรัม,100,58,7.5,2.6,1.9,0,ASEAN-FCD-2014-INMU:MYG450,"{""carb_definition"": ""available"", ""fiber_definition"": ""total_dietary"", ""human_review_status"": ""pending"", ""portion_basis"": ""source_weight"", ""source_basis"": ""per_100g"", ""source_comparison"": ""pdf_text_compared"", ""source_path"": ""knowledge\\sources\\evidence-2026-10-01\\ASEAN-2014.pdf"", ""source_pdf_page"": 52, ""source_sha256"": ""121ea627bc4250cfff208d046816abe20e1e53556ffa6f166825279e1db92c68"", ""verification_status"": ""source_compared_AI""}"
"ปลาหมอไทย, สด","Perch, climbing Puyu/Betok",ปลาและอาหารทะเล,100 กรัม,100,145,17.9,0,8.2,0,ASEAN-FCD-2014-INMU:THG140,"{""carb_definition"": ""available"", ""fiber_definition"": ""total_dietary"", ""human_review_status"": ""pending"", ""portion_basis"": ""source_weight"", ""source_basis"": ""per_100g"", ""source_comparison"": ""pdf_text_compared"", ""source_path"": ""knowledge\\sources\\evidence-2026-10-01\\ASEAN-2014.pdf"", ""source_pdf_page"": 52, ""source_sha256"": ""121ea627bc4250cfff208d046816abe20e1e53556ffa6f166825279e1db92c68"", ""verification_status"": ""source_compared_AI""}"
"ปลาจะละเม็ดดำ, ทอด","Pomfret, black, fried Ikan bawal hitam goreng",ปลาและอาหารทะเล,100 กรัม,100,259,31.8,0.8,14.3,0,ASEAN-FCD-2014-INMU:AAG9,"{""carb_definition"": ""available"", ""fiber_definition"": ""total_dietary"", ""human_review_status"": ""pending"", ""portion_basis"": ""source_weight"", ""source_basis"": ""per_100g"", ""source_comparison"": ""pdf_text_compared"", ""source_path"": ""knowledge\\sources\\evidence-2026-10-01\\ASEAN-2014.pdf"", ""source_pdf_page"": 52, ""source_sha256"": ""121ea627bc4250cfff208d046816abe20e1e53556ffa6f166825279e1db92c68"", ""verification_status"": ""source_compared_AI""}"
"ปลาจะละเม็ดดำ, สด","Pomfret, black, raw Bawal hitam",ปลาและอาหารทะเล,100 กรัม,100,102,19.8,0.1,2.5,0,ASEAN-FCD-2014-INMU:AAG102,"{""carb_definition"": ""available"", ""fiber_definition"": ""total_dietary"", ""human_review_status"": ""pending"", ""portion_basis"": ""source_weight"", ""source_basis"": ""per_100g"", ""source_comparison"": ""pdf_text_compared"", ""source_path"": ""knowledge\\sources\\evidence-2026-10-01\\ASEAN-2014.pdf"", ""source_pdf_page"": 53, ""source_sha256"": ""121ea627bc4250cfff208d046816abe20e1e53556ffa6f166825279e1db92c68"", ""verification_status"": ""source_compared_AI""}"
"ปลาจะละเม็ดดำ, นึ่ง","Pomfret, black, steamed",ปลาและอาหารทะเล,100 กรัม,100,160,22.8,1.6,6.9,0,ASEAN-FCD-2014-INMU:AAG10,"{""carb_definition"": ""available"", ""fiber_definition"": ""total_dietary"", ""human_review_status"": ""pending"", ""portion_basis"": ""source_weight"", ""source_basis"": ""per_100g"", ""source_comparison"": ""pdf_text_compared"", ""source_path"": ""knowledge\\sources\\evidence-2026-10-01\\ASEAN-2014.pdf"", ""source_pdf_page"": 53, ""source_sha256"": ""121ea627bc4250cfff208d046816abe20e1e53556ffa6f166825279e1db92c68"", ""verification_status"": ""source_compared_AI""}"
"ปลาจะละเม็ดขาว, ทอด","Pomfret, silver, fried",ปลาและอาหารทะเล,100 กรัม,100,335,32.7,0,22.7,0,ASEAN-FCD-2014-INMU:AAG193,"{""carb_definition"": ""available"", ""fiber_definition"": ""total_dietary"", ""human_review_status"": ""pending"", ""portion_basis"": ""source_weight"", ""source_basis"": ""per_100g"", ""source_comparison"": ""pdf_text_compared"", ""source_path"": ""knowledge\\sources\\evidence-2026-10-01\\ASEAN-2014.pdf"", ""source_pdf_page"": 53, ""source_sha256"": ""121ea627bc4250cfff208d046816abe20e1e53556ffa6f166825279e1db92c68"", ""verification_status"": ""source_compared_AI""}"
"ปลาจะละเม็ดขาว, นึ่ง","Pomfret, silver, steamed",ปลาและอาหารทะเล,100 กรัม,100,158,22.9,0,7.4,0,ASEAN-FCD-2014-INMU:AAG194,"{""carb_definition"": ""available"", ""fiber_definition"": ""total_dietary"", ""human_review_status"": ""pending"", ""portion_basis"": ""source_weight"", ""source_basis"": ""per_100g"", ""source_comparison"": ""pdf_text_compared"", ""source_path"": ""knowledge\\sources\\evidence-2026-10-01\\ASEAN-2014.pdf"", ""source_pdf_page"": 53, ""source_sha256"": ""121ea627bc4250cfff208d046816abe20e1e53556ffa6f166825279e1db92c68"", ""verification_status"": ""source_compared_AI""}"
"ปลาจะละเม็ดขาว, สด","Pomfret, silver/white, raw Bawal putih",ปลาและอาหารทะเล,100 กรัม,100,126,19.4,0,5.4,0,ASEAN-FCD-2014-INMU:AAG103,"{""carb_definition"": ""available"", ""fiber_definition"": ""total_dietary"", ""human_review_status"": ""pending"", ""portion_basis"": ""source_weight"", ""source_basis"": ""per_100g"", ""source_comparison"": ""pdf_text_compared"", ""source_path"": ""knowledge\\sources\\evidence-2026-10-01\\ASEAN-2014.pdf"", ""source_pdf_page"": 53, ""source_sha256"": ""121ea627bc4250cfff208d046816abe20e1e53556ffa6f166825279e1db92c68"", ""verification_status"": ""source_compared_AI""}"
"กุ้งฝอยน้ำจืด, สด","Prawn, fresh water, raw Ulang",ปลาและอาหารทะเล,100 กรัม,100,98,17.5,3.1,1.7,0,ASEAN-FCD-2014-INMU:AAG105,"{""carb_definition"": ""available"", ""fiber_definition"": ""total_dietary"", ""human_review_status"": ""pending"", ""portion_basis"": ""source_weight"", ""source_basis"": ""per_100g"", ""source_comparison"": ""pdf_text_compared"", ""source_path"": ""knowledge\\sources\\evidence-2026-10-01\\ASEAN-2014.pdf"", ""source_pdf_page"": 53, ""source_sha256"": ""121ea627bc4250cfff208d046816abe20e1e53556ffa6f166825279e1db92c68"", ""verification_status"": ""source_compared_AI""}"
"กุ้งกุลาดำ, แช่แข็ง, เฉพาะเนื้อ","Prawn, giant tiger, headless, frozen",ปลาและอาหารทะเล,100 กรัม,100,88,20,0,0.9,0,ASEAN-FCD-2014-INMU:AAG106,"{""carb_definition"": ""available"", ""fiber_definition"": ""total_dietary"", ""human_review_status"": ""pending"", ""portion_basis"": ""source_weight"", ""source_basis"": ""per_100g"", ""source_comparison"": ""pdf_text_compared"", ""source_path"": ""knowledge\\sources\\evidence-2026-10-01\\ASEAN-2014.pdf"", ""source_pdf_page"": 53, ""source_sha256"": ""121ea627bc4250cfff208d046816abe20e1e53556ffa6f166825279e1db92c68"", ""verification_status"": ""source_compared_AI""}"
"ปลาสีเสียด, แห้ง","Queenfish, Slender, dried",ปลาและอาหารทะเล,100 กรัม,100,176,37.8,0,2.8,0,ASEAN-FCD-2014-INMU:AAG232,"{""carb_definition"": ""available"", ""fiber_definition"": ""total_dietary"", ""human_review_status"": ""pending"", ""portion_basis"": ""source_weight"", ""source_basis"": ""per_100g"", ""source_comparison"": ""pdf_text_compared"", ""source_path"": ""knowledge\\sources\\evidence-2026-10-01\\ASEAN-2014.pdf"", ""source_pdf_page"": 53, ""source_sha256"": ""121ea627bc4250cfff208d046816abe20e1e53556ffa6f166825279e1db92c68"", ""verification_status"": ""source_compared_AI""}"
หอยเชลล์/หอยพัด,Radiated scallop,ปลาและอาหารทะเล,100 กรัม,100,106,22.3,3.3,0.4,0,ASEAN-FCD-2014-INMU:AAG3,"{""carb_definition"": ""available"", ""fiber_definition"": ""total_dietary"", ""human_review_status"": ""pending"", ""portion_basis"": ""source_weight"", ""source_basis"": ""per_100g"", ""source_comparison"": ""pdf_text_compared"", ""source_path"": ""knowledge\\sources\\evidence-2026-10-01\\ASEAN-2014.pdf"", ""source_pdf_page"": 53, ""source_sha256"": ""121ea627bc4250cfff208d046816abe20e1e53556ffa6f166825279e1db92c68"", ""verification_status"": ""source_compared_AI""}"
"ปลาซาดีน, ในน้ำมัน, บรรจุกระป๋อง, เฉพาะเนื้อ","Sardine, in oil, canned, drained",ปลาและอาหารทะเล,100 กรัม,100,133,22.2,0.1,4.9,0,ASEAN-FCD-2014-INMU:AAG113,"{""carb_definition"": ""available"", ""fiber_definition"": ""total_dietary"", ""human_review_status"": ""pending"", ""portion_basis"": ""source_weight"", ""source_basis"": ""per_100g"", ""source_comparison"": ""pdf_text_compared"", ""source_path"": ""knowledge\\sources\\evidence-2026-10-01\\ASEAN-2014.pdf"", ""source_pdf_page"": 53, ""source_sha256"": ""121ea627bc4250cfff208d046816abe20e1e53556ffa6f166825279e1db92c68"", ""verification_status"": ""source_compared_AI""}"
"ปลาซาดีน, ในซอสมะเขือเทศและพริกเผ็ดมาก, บรรจุกระป๋อง","Sardine, in tomato sauce and chilli, canned",ปลาและอาหารทะเล,100 กรัม,100,69,10.6,2.7,1.3,2,ASEAN-FCD-2014-INMU:AAG116,"{""carb_definition"": ""available"", ""fiber_definition"": ""total_dietary"", ""human_review_status"": ""pending"", ""portion_basis"": ""source_weight"", ""source_basis"": ""per_100g"", ""source_comparison"": ""pdf_text_compared"", ""source_path"": ""knowledge\\sources\\evidence-2026-10-01\\ASEAN-2014.pdf"", ""source_pdf_page"": 53, ""source_sha256"": ""121ea627bc4250cfff208d046816abe20e1e53556ffa6f166825279e1db92c68"", ""verification_status"": ""source_compared_AI""}"
"ปลาซาดีน, ในซอสมะเขือเทศ, บรรจุกระป๋อง","Sardine, in tomato sauce, canned Sardinas, sa tomato sce, de lata",ปลาและอาหารทะเล,100 กรัม,100,93,12.3,5.6,2.2,1,ASEAN-FCD-2014-INMU:AAG115,"{""carb_definition"": ""available"", ""fiber_definition"": ""total_dietary"", ""human_review_status"": ""pending"", ""portion_basis"": ""source_weight"", ""source_basis"": ""per_100g"", ""source_comparison"": ""pdf_text_compared"", ""source_path"": ""knowledge\\sources\\evidence-2026-10-01\\ASEAN-2014.pdf"", ""source_pdf_page"": 53, ""source_sha256"": ""121ea627bc4250cfff208d046816abe20e1e53556ffa6f166825279e1db92c68"", ""verification_status"": ""source_compared_AI""}"
"ปลาหางแข็ง, แห้ง","Scad, hardtail (torpedo), dried Cincaru, kering",ปลาและอาหารทะเล,100 กรัม,100,166,37.4,0,1.8,0,ASEAN-FCD-2014-INMU:THG149,"{""carb_definition"": ""available"", ""fiber_definition"": ""total_dietary"", ""human_review_status"": ""pending"", ""portion_basis"": ""source_weight"", ""source_basis"": ""per_100g"", ""source_comparison"": ""pdf_text_compared"", ""source_path"": ""knowledge\\sources\\evidence-2026-10-01\\ASEAN-2014.pdf"", ""source_pdf_page"": 53, ""source_sha256"": ""121ea627bc4250cfff208d046816abe20e1e53556ffa6f166825279e1db92c68"", ""verification_status"": ""source_compared_AI""}"
"ปลาหางแข็ง (แข้งไก่หางกิ่วหม้อ), สด","Scad, hardtail (torpedo), raw Cincaru",ปลาและอาหารทะเล,100 กรัม,100,93,21.3,0.2,0.8,0,ASEAN-FCD-2014-INMU:MYG470,"{""carb_definition"": ""available"", ""fiber_definition"": ""total_dietary"", ""human_review_status"": ""pending"", ""portion_basis"": ""source_weight"", ""source_basis"": ""per_100g"", ""source_comparison"": ""pdf_text_compared"", ""source_path"": ""knowledge\\sources\\evidence-2026-10-01\\ASEAN-2014.pdf"", ""source_pdf_page"": 53, ""source_sha256"": ""121ea627bc4250cfff208d046816abe20e1e53556ffa6f166825279e1db92c68"", ""verification_status"": ""source_compared_AI""}"
"ปลาเนื้ออ่อน, สด","Sheat-fish, raw",ปลาและอาหารทะเล,100 กรัม,100,106,16.3,4.5,2.5,0,ASEAN-FCD-2014-INMU:AAG127,"{""carb_definition"": ""available"", ""fiber_definition"": ""total_dietary"", ""human_review_status"": ""pending"", ""portion_basis"": ""source_weight"", ""source_basis"": ""per_100g"", ""source_comparison"": ""pdf_text_compared"", ""source_path"": ""knowledge\\sources\\evidence-2026-10-01\\ASEAN-2014.pdf"", ""source_pdf_page"": 53, ""source_sha256"": ""121ea627bc4250cfff208d046816abe20e1e53556ffa6f166825279e1db92c68"", ""verification_status"": ""source_compared_AI""}"
"กุ้ง, แห้ง, ตัวเล็ก","Shrimp, salted, dried",ปลาและอาหารทะเล,100 กรัม,100,263,46.4,12.8,2.9,0,ASEAN-FCD-2014-INMU:AAG237,"{""carb_definition"": ""available"", ""fiber_definition"": ""total_dietary"", ""human_review_status"": ""pending"", ""portion_basis"": ""source_weight"", ""source_basis"": ""per_100g"", ""source_comparison"": ""pdf_text_compared"", ""source_path"": ""knowledge\\sources\\evidence-2026-10-01\\ASEAN-2014.pdf"", ""source_pdf_page"": 54, ""source_sha256"": ""121ea627bc4250cfff208d046816abe20e1e53556ffa6f166825279e1db92c68"", ""verification_status"": ""source_compared_AI""}"
"ปลาตะเพียนขาว, สด","Silver- barb, common, raw",ปลาและอาหารทะเล,100 กรัม,100,124,21.1,0,4.4,0,ASEAN-FCD-2014-INMU:AAG34,"{""carb_definition"": ""available"", ""fiber_definition"": ""total_dietary"", ""human_review_status"": ""pending"", ""portion_basis"": ""source_weight"", ""source_basis"": ""per_100g"", ""source_comparison"": ""pdf_text_compared"", ""source_path"": ""knowledge\\sources\\evidence-2026-10-01\\ASEAN-2014.pdf"", ""source_pdf_page"": 54, ""source_sha256"": ""121ea627bc4250cfff208d046816abe20e1e53556ffa6f166825279e1db92c68"", ""verification_status"": ""source_compared_AI""}"
"ปลาตะเพียนขาว, ต้ม","Silver-barb, common, boiled",ปลาและอาหารทะเล,100 กรัม,100,177,19.3,0.8,10.7,0,ASEAN-FCD-2014-INMU:AAG176,"{""carb_definition"": ""available"", ""fiber_definition"": ""total_dietary"", ""human_review_status"": ""pending"", ""portion_basis"": ""source_weight"", ""source_basis"": ""per_100g"", ""source_comparison"": ""pdf_text_compared"", ""source_path"": ""knowledge\\sources\\evidence-2026-10-01\\ASEAN-2014.pdf"", ""source_pdf_page"": 54, ""source_sha256"": ""121ea627bc4250cfff208d046816abe20e1e53556ffa6f166825279e1db92c68"", ""verification_status"": ""source_compared_AI""}"
"ปลาตะเพียนขาว, ทอด","Silver-barb, common, fried",ปลาและอาหารทะเล,100 กรัม,100,311,25.5,0.9,22.8,0,ASEAN-FCD-2014-INMU:AAG177,"{""carb_definition"": ""available"", ""fiber_definition"": ""total_dietary"", ""human_review_status"": ""pending"", ""portion_basis"": ""source_weight"", ""source_basis"": ""per_100g"", ""source_comparison"": ""pdf_text_compared"", ""source_path"": ""knowledge\\sources\\evidence-2026-10-01\\ASEAN-2014.pdf"", ""source_pdf_page"": 54, ""source_sha256"": ""121ea627bc4250cfff208d046816abe20e1e53556ffa6f166825279e1db92c68"", ""verification_status"": ""source_compared_AI""}"
หอยขม,"Snail, pond, river",ปลาและอาหารทะเล,100 กรัม,100,74,12.1,4.9,0.7,0,ASEAN-FCD-2014-INMU:AAG253,"{""carb_definition"": ""available"", ""fiber_definition"": ""total_dietary"", ""human_review_status"": ""pending"", ""portion_basis"": ""source_weight"", ""source_basis"": ""per_100g"", ""source_comparison"": ""pdf_text_compared"", ""source_path"": ""knowledge\\sources\\evidence-2026-10-01\\ASEAN-2014.pdf"", ""source_pdf_page"": 54, ""source_sha256"": ""121ea627bc4250cfff208d046816abe20e1e53556ffa6f166825279e1db92c68"", ""verification_status"": ""source_compared_AI""}"
"ปลาช่อน, แห้ง","Snakehead, striped, dried",ปลาและอาหารทะเล,100 กรัม,100,249,45.7,0.8,7,0,ASEAN-FCD-2014-INMU:AAG92,"{""carb_definition"": ""available"", ""fiber_definition"": ""total_dietary"", ""human_review_status"": ""pending"", ""portion_basis"": ""source_weight"", ""source_basis"": ""per_100g"", ""source_comparison"": ""pdf_text_compared"", ""source_path"": ""knowledge\\sources\\evidence-2026-10-01\\ASEAN-2014.pdf"", ""source_pdf_page"": 54, ""source_sha256"": ""121ea627bc4250cfff208d046816abe20e1e53556ffa6f166825279e1db92c68"", ""verification_status"": ""source_compared_AI""}"
"ปลากะพงแดงสั้นหางปาน, ต้ม","Snapper, red, Malabar, boiled",ปลาและอาหารทะเล,100 กรัม,100,104,23.9,0,0.9,0,ASEAN-FCD-2014-INMU:AAG184,"{""carb_definition"": ""available"", ""fiber_definition"": ""total_dietary"", ""human_review_status"": ""pending"", ""portion_basis"": ""source_weight"", ""source_basis"": ""per_100g"", ""source_comparison"": ""pdf_text_compared"", ""source_path"": ""knowledge\\sources\\evidence-2026-10-01\\ASEAN-2014.pdf"", ""source_pdf_page"": 54, ""source_sha256"": ""121ea627bc4250cfff208d046816abe20e1e53556ffa6f166825279e1db92c68"", ""verification_status"": ""source_compared_AI""}"
"ปลากะพงแดงสั้นหางปาน, ทอด","Snapper, red, Malabar, fried",ปลาและอาหารทะเล,100 กรัม,100,215,29.3,0,10.9,0,ASEAN-FCD-2014-INMU:AAG185,"{""carb_definition"": ""available"", ""fiber_definition"": ""total_dietary"", ""human_review_status"": ""pending"", ""portion_basis"": ""source_weight"", ""source_basis"": ""per_100g"", ""source_comparison"": ""pdf_text_compared"", ""source_path"": ""knowledge\\sources\\evidence-2026-10-01\\ASEAN-2014.pdf"", ""source_pdf_page"": 54, ""source_sha256"": ""121ea627bc4250cfff208d046816abe20e1e53556ffa6f166825279e1db92c68"", ""verification_status"": ""source_compared_AI""}"
"ปลากะพงแดงสั้นหางปาน, นึ่ง","Snapper, red, Malabar, steamed",ปลาและอาหารทะเล,100 กรัม,100,98,22.9,0,0.7,0,ASEAN-FCD-2014-INMU:AAG186,"{""carb_definition"": ""available"", ""fiber_definition"": ""total_dietary"", ""human_review_status"": ""pending"", ""portion_basis"": ""source_weight"", ""source_basis"": ""per_100g"", ""source_comparison"": ""pdf_text_compared"", ""source_path"": ""knowledge\\sources\\evidence-2026-10-01\\ASEAN-2014.pdf"", ""source_pdf_page"": 54, ""source_sha256"": ""121ea627bc4250cfff208d046816abe20e1e53556ffa6f166825279e1db92c68"", ""verification_status"": ""source_compared_AI""}"
"ปลากะพงปานข้างลาย, สด","Snapper, russell, raw Tanda",ปลาและอาหารทะเล,100 กรัม,100,82,19.5,0.2,0.3,0,ASEAN-FCD-2014-INMU:AAG140,"{""carb_definition"": ""available"", ""fiber_definition"": ""total_dietary"", ""human_review_status"": ""pending"", ""portion_basis"": ""source_weight"", ""source_basis"": ""per_100g"", ""source_comparison"": ""pdf_text_compared"", ""source_path"": ""knowledge\\sources\\evidence-2026-10-01\\ASEAN-2014.pdf"", ""source_pdf_page"": 54, ""source_sha256"": ""121ea627bc4250cfff208d046816abe20e1e53556ffa6f166825279e1db92c68"", ""verification_status"": ""source_compared_AI""}"
"ปลาหมึกกล้วย, สด","Squid, splendid, raw",ปลาและอาหารทะเล,100 กรัม,100,68,15.4,0.6,0.4,0,ASEAN-FCD-2014-INMU:AAG202,"{""carb_definition"": ""available"", ""fiber_definition"": ""total_dietary"", ""human_review_status"": ""pending"", ""portion_basis"": ""source_weight"", ""source_basis"": ""per_100g"", ""source_comparison"": ""pdf_text_compared"", ""source_path"": ""knowledge\\sources\\evidence-2026-10-01\\ASEAN-2014.pdf"", ""source_pdf_page"": 54, ""source_sha256"": ""121ea627bc4250cfff208d046816abe20e1e53556ffa6f166825279e1db92c68"", ""verification_status"": ""source_compared_AI""}"
"ปลาหมึกกล้วย, แห้ง(เค็มตัวเล็ก)","Squid, splendid, salted and dried",ปลาและอาหารทะเล,100 กรัม,100,299,62.4,3.7,3.8,0,ASEAN-FCD-2014-INMU:AAG203,"{""carb_definition"": ""available"", ""fiber_definition"": ""total_dietary"", ""human_review_status"": ""pending"", ""portion_basis"": ""source_weight"", ""source_basis"": ""per_100g"", ""source_comparison"": ""pdf_text_compared"", ""source_path"": ""knowledge\\sources\\evidence-2026-10-01\\ASEAN-2014.pdf"", ""source_pdf_page"": 54, ""source_sha256"": ""121ea627bc4250cfff208d046816abe20e1e53556ffa6f166825279e1db92c68"", ""verification_status"": ""source_compared_AI""}"
"ปลาหมึกกล้วย, ลอกหนังติดหัว, แช่แข็ง","Squid, splendid, skin removed, whole cleaned, frozen",ปลาและอาหารทะเล,100 กรัม,100,59,11.8,0.7,1,0,ASEAN-FCD-2014-INMU:AAG205,"{""carb_definition"": ""available"", ""fiber_definition"": ""total_dietary"", ""human_review_status"": ""pending"", ""portion_basis"": ""source_weight"", ""source_basis"": ""per_100g"", ""source_comparison"": ""pdf_text_compared"", ""source_path"": ""knowledge\\sources\\evidence-2026-10-01\\ASEAN-2014.pdf"", ""source_pdf_page"": 54, ""source_sha256"": ""121ea627bc4250cfff208d046816abe20e1e53556ffa6f166825279e1db92c68"", ""verification_status"": ""source_compared_AI""}"
"ปลานิล, สด","Tilapia, all species, raw Tilapia, Tilapia merah, Kerisi",ปลาและอาหารทะเล,100 กรัม,100,94,18.4,0.8,1.9,0,ASEAN-FCD-2014-INMU:THG98,"{""carb_definition"": ""available"", ""fiber_definition"": ""total_dietary"", ""human_review_status"": ""pending"", ""portion_basis"": ""source_weight"", ""source_basis"": ""per_100g"", ""source_comparison"": ""pdf_text_compared"", ""source_path"": ""knowledge\\sources\\evidence-2026-10-01\\ASEAN-2014.pdf"", ""source_pdf_page"": 54, ""source_sha256"": ""121ea627bc4250cfff208d046816abe20e1e53556ffa6f166825279e1db92c68"", ""verification_status"": ""source_compared_AI""}"
"ปลาสำลี, ทอด","Trevally, black-banded, fried",ปลาและอาหารทะเล,100 กรัม,100,241,26,0.4,15,0,ASEAN-FCD-2014-INMU:AAG6,"{""carb_definition"": ""available"", ""fiber_definition"": ""total_dietary"", ""human_review_status"": ""pending"", ""portion_basis"": ""source_weight"", ""source_basis"": ""per_100g"", ""source_comparison"": ""pdf_text_compared"", ""source_path"": ""knowledge\\sources\\evidence-2026-10-01\\ASEAN-2014.pdf"", ""source_pdf_page"": 54, ""source_sha256"": ""121ea627bc4250cfff208d046816abe20e1e53556ffa6f166825279e1db92c68"", ""verification_status"": ""source_compared_AI""}"
"ปลาสำลี, เผา","Trevally, black-banded, grilled",ปลาและอาหารทะเล,100 กรัม,100,146,22.1,0,6.4,0,ASEAN-FCD-2014-INMU:AAG7,"{""carb_definition"": ""available"", ""fiber_definition"": ""total_dietary"", ""human_review_status"": ""pending"", ""portion_basis"": ""source_weight"", ""source_basis"": ""per_100g"", ""source_comparison"": ""pdf_text_compared"", ""source_path"": ""knowledge\\sources\\evidence-2026-10-01\\ASEAN-2014.pdf"", ""source_pdf_page"": 54, ""source_sha256"": ""121ea627bc4250cfff208d046816abe20e1e53556ffa6f166825279e1db92c68"", ""verification_status"": ""source_compared_AI""}"
"ปลาสำลี, สด","Trevally, black-banded, raw",ปลาและอาหารทะเล,100 กรัม,100,134,18.6,2.9,5.3,0,ASEAN-FCD-2014-INMU:AAG4,"{""carb_definition"": ""available"", ""fiber_definition"": ""total_dietary"", ""human_review_status"": ""pending"", ""portion_basis"": ""source_weight"", ""source_basis"": ""per_100g"", ""source_comparison"": ""pdf_text_compared"", ""source_path"": ""knowledge\\sources\\evidence-2026-10-01\\ASEAN-2014.pdf"", ""source_pdf_page"": 54, ""source_sha256"": ""121ea627bc4250cfff208d046816abe20e1e53556ffa6f166825279e1db92c68"", ""verification_status"": ""source_compared_AI""}"
"ปลาสำลี, นึ่ง","Trevally, black-banded, steamed",ปลาและอาหารทะเล,100 กรัม,100,163,21.2,0.3,8.6,0,ASEAN-FCD-2014-INMU:AAG8,"{""carb_definition"": ""available"", ""fiber_definition"": ""total_dietary"", ""human_review_status"": ""pending"", ""portion_basis"": ""source_weight"", ""source_basis"": ""per_100g"", ""source_comparison"": ""pdf_text_compared"", ""source_path"": ""knowledge\\sources\\evidence-2026-10-01\\ASEAN-2014.pdf"", ""source_pdf_page"": 55, ""source_sha256"": ""121ea627bc4250cfff208d046816abe20e1e53556ffa6f166825279e1db92c68"", ""verification_status"": ""source_compared_AI""}"
"ปลาทูนา, ในนาเกลอ, บรรจุกระป๋อง, เฉพาะเนื้อ","Tuna, Skipjack or Yellow Fin, canned in brine, drained",ปลาและอาหารทะเล,100 กรัม,100,105,23.9,0.8,0.7,0,ASEAN-FCD-2014-INMU:AAG238,"{""carb_definition"": ""available"", ""fiber_definition"": ""total_dietary"", ""human_review_status"": ""pending"", ""portion_basis"": ""source_weight"", ""source_basis"": ""per_100g"", ""source_comparison"": ""pdf_text_compared"", ""source_path"": ""knowledge\\sources\\evidence-2026-10-01\\ASEAN-2014.pdf"", ""source_pdf_page"": 55, ""source_sha256"": ""121ea627bc4250cfff208d046816abe20e1e53556ffa6f166825279e1db92c68"", ""verification_status"": ""source_compared_AI""}"
"ปลาทูน่า, ในน้ำมัน, บรรจุกระป๋อง, เฉพาะเนื้อ","Tuna, Skipjack or Yellow Fin, canned in oil, drained",ปลาและอาหารทะเล,100 กรัม,100,176,22.4,0,9.6,0,ASEAN-FCD-2014-INMU:AAG239,"{""carb_definition"": ""available"", ""fiber_definition"": ""total_dietary"", ""human_review_status"": ""pending"", ""portion_basis"": ""source_weight"", ""source_basis"": ""per_100g"", ""source_comparison"": ""pdf_text_compared"", ""source_path"": ""knowledge\\sources\\evidence-2026-10-01\\ASEAN-2014.pdf"", ""source_pdf_page"": 55, ""source_sha256"": ""121ea627bc4250cfff208d046816abe20e1e53556ffa6f166825279e1db92c68"", ""verification_status"": ""source_compared_AI""}"
"ปลาทูน่า, ในน้ำ, บรรจุกระป๋อง, เฉพาะเนื้อ","Tuna, Skipjack or Yellow Fin, canned in water, drained",ปลาและอาหารทะเล,100 กรัม,100,113,26.1,0,0.9,0,ASEAN-FCD-2014-INMU:AAG241,"{""carb_definition"": ""available"", ""fiber_definition"": ""total_dietary"", ""human_review_status"": ""pending"", ""portion_basis"": ""source_weight"", ""source_basis"": ""per_100g"", ""source_comparison"": ""pdf_text_compared"", ""source_path"": ""knowledge\\sources\\evidence-2026-10-01\\ASEAN-2014.pdf"", ""source_pdf_page"": 55, ""source_sha256"": ""121ea627bc4250cfff208d046816abe20e1e53556ffa6f166825279e1db92c68"", ""verification_status"": ""source_compared_AI""}"
"ไข่เป็ด, ไข่เค็ม","Egg, duck, salted Telur asin, sebiji",ไข่,100 กรัม,100,190,13.9,5.4,12.5,0,ASEAN-FCD-2014-INMU:PHH021,"{""carb_definition"": ""available"", ""fiber_definition"": ""total_dietary"", ""human_review_status"": ""pending"", ""portion_basis"": ""source_weight"", ""source_basis"": ""per_100g"", ""source_comparison"": ""pdf_text_compared"", ""source_path"": ""knowledge\\sources\\evidence-2026-10-01\\ASEAN-2014.pdf"", ""source_pdf_page"": 56, ""source_sha256"": ""121ea627bc4250cfff208d046816abe20e1e53556ffa6f166825279e1db92c68"", ""verification_status"": ""source_compared_AI""}"
"ไข่เป็ด, ทั้งฟอง","PHH007 Egg, duck, whole Telur itik, sebiji",ไข่,100 กรัม,100,183,12.6,2.5,13.6,0,ASEAN-FCD-2014-INMU:AAH9,"{""carb_definition"": ""available"", ""fiber_definition"": ""total_dietary"", ""human_review_status"": ""pending"", ""portion_basis"": ""source_weight"", ""source_basis"": ""per_100g"", ""source_comparison"": ""pdf_text_compared"", ""source_path"": ""knowledge\\sources\\evidence-2026-10-01\\ASEAN-2014.pdf"", ""source_pdf_page"": 56, ""source_sha256"": ""121ea627bc4250cfff208d046816abe20e1e53556ffa6f166825279e1db92c68"", ""verification_status"": ""source_compared_AI""}"
"ไข่เป็ด, ไข่แดง","Egg, duck, yolk Telur itik, kuning telur",ไข่,100 กรัม,100,364,14.7,2.3,32.9,0,ASEAN-FCD-2014-INMU:THH13,"{""carb_definition"": ""available"", ""fiber_definition"": ""total_dietary"", ""human_review_status"": ""pending"", ""portion_basis"": ""source_weight"", ""source_basis"": ""per_100g"", ""source_comparison"": ""pdf_text_compared"", ""source_path"": ""knowledge\\sources\\evidence-2026-10-01\\ASEAN-2014.pdf"", ""source_pdf_page"": 56, ""source_sha256"": ""121ea627bc4250cfff208d046816abe20e1e53556ffa6f166825279e1db92c68"", ""verification_status"": ""source_compared_AI""}"
"ไข่ไก่, ไข่ขาว","VNH371 Egg, hen, white Telur ayam, putih telur",ไข่,100 กรัม,100,52,10.9,1.3,0.4,0,ASEAN-FCD-2014-INMU:THH1,"{""carb_definition"": ""available"", ""fiber_definition"": ""total_dietary"", ""human_review_status"": ""pending"", ""portion_basis"": ""source_weight"", ""source_basis"": ""per_100g"", ""source_comparison"": ""pdf_text_compared"", ""source_path"": ""knowledge\\sources\\evidence-2026-10-01\\ASEAN-2014.pdf"", ""source_pdf_page"": 56, ""source_sha256"": ""121ea627bc4250cfff208d046816abe20e1e53556ffa6f166825279e1db92c68"", ""verification_status"": ""source_compared_AI""}"
"ไข่ไก่, ทั้งฟอง","THH3 Egg, hen, whole Telur ayam, sebiji",ไข่,100 กรัม,100,159,13.2,1.5,11.1,0,ASEAN-FCD-2014-INMU:PHH003,"{""carb_definition"": ""available"", ""fiber_definition"": ""total_dietary"", ""human_review_status"": ""pending"", ""portion_basis"": ""source_weight"", ""source_basis"": ""per_100g"", ""source_comparison"": ""pdf_text_compared"", ""source_path"": ""knowledge\\sources\\evidence-2026-10-01\\ASEAN-2014.pdf"", ""source_pdf_page"": 56, ""source_sha256"": ""121ea627bc4250cfff208d046816abe20e1e53556ffa6f166825279e1db92c68"", ""verification_status"": ""source_compared_AI""}"
"ไข่ไก่, ไข่แดง","PHH005 Egg, hen, yolk Telur ayam, kuning telur",ไข่,100 กรัม,100,332,14.8,1.9,29.5,0,ASEAN-FCD-2014-INMU:VNH370,"{""carb_definition"": ""available"", ""fiber_definition"": ""total_dietary"", ""human_review_status"": ""pending"", ""portion_basis"": ""source_weight"", ""source_basis"": ""per_100g"", ""source_comparison"": ""pdf_text_compared"", ""source_path"": ""knowledge\\sources\\evidence-2026-10-01\\ASEAN-2014.pdf"", ""source_pdf_page"": 56, ""source_sha256"": ""121ea627bc4250cfff208d046816abe20e1e53556ffa6f166825279e1db92c68"", ""verification_status"": ""source_compared_AI""}"
"ไข่นกกระทา, ในน้ำเกลือ","Egg, quail, in brine",ไข่,100 กรัม,100,173,13,2.3,12.4,0,ASEAN-FCD-2014-INMU:AAH17,"{""carb_definition"": ""available"", ""fiber_definition"": ""total_dietary"", ""human_review_status"": ""pending"", ""portion_basis"": ""source_weight"", ""source_basis"": ""per_100g"", ""source_comparison"": ""pdf_text_compared"", ""source_path"": ""knowledge\\sources\\evidence-2026-10-01\\ASEAN-2014.pdf"", ""source_pdf_page"": 56, ""source_sha256"": ""121ea627bc4250cfff208d046816abe20e1e53556ffa6f166825279e1db92c68"", ""verification_status"": ""source_compared_AI""}"
"ไข่นกกระทา, ต้ม","Egg, quail, whole, boiled Telur puyuh, sebiji",ไข่,100 กรัม,100,168,12.4,1.6,12.4,0,ASEAN-FCD-2014-INMU:THH8,"{""carb_definition"": ""available"", ""fiber_definition"": ""total_dietary"", ""human_review_status"": ""pending"", ""portion_basis"": ""source_weight"", ""source_basis"": ""per_100g"", ""source_comparison"": ""pdf_text_compared"", ""source_path"": ""knowledge\\sources\\evidence-2026-10-01\\ASEAN-2014.pdf"", ""source_pdf_page"": 56, ""source_sha256"": ""121ea627bc4250cfff208d046816abe20e1e53556ffa6f166825279e1db92c68"", ""verification_status"": ""source_compared_AI""}"
ไข่จะละเม็ด(ไข่ของเต่าตนุ/ เต่าแสงอาทิตย์),"Egg, turtle, whole Telur penyu, sebiji",ไข่,100 กรัม,100,128,11.9,0.1,8.9,0,ASEAN-FCD-2014-INMU:THH7,"{""carb_definition"": ""available"", ""fiber_definition"": ""total_dietary"", ""human_review_status"": ""pending"", ""portion_basis"": ""source_weight"", ""source_basis"": ""per_100g"", ""source_comparison"": ""pdf_text_compared"", ""source_path"": ""knowledge\\sources\\evidence-2026-10-01\\ASEAN-2014.pdf"", ""source_pdf_page"": 56, ""source_sha256"": ""121ea627bc4250cfff208d046816abe20e1e53556ffa6f166825279e1db92c68"", ""verification_status"": ""source_compared_AI""}"
"ไข่ปลากระบอก, เค็ม","Roe, bluespot grey mullet, salted",ไข่,100 กรัม,100,480,41.7,0,34.8,0,ASEAN-FCD-2014-INMU:AAH24,"{""carb_definition"": ""available"", ""fiber_definition"": ""total_dietary"", ""human_review_status"": ""pending"", ""portion_basis"": ""source_weight"", ""source_basis"": ""per_100g"", ""source_comparison"": ""pdf_text_compared"", ""source_path"": ""knowledge\\sources\\evidence-2026-10-01\\ASEAN-2014.pdf"", ""source_pdf_page"": 56, ""source_sha256"": ""121ea627bc4250cfff208d046816abe20e1e53556ffa6f166825279e1db92c68"", ""verification_status"": ""source_compared_AI""}"
"ชีส, เชดดา","THJ69 Cheese, processed, cheddar Keju, dalam bukungsan plastik",นมและผลิตภัณฑ์,100 กรัม,100,323,21.7,7.3,23,0,ASEAN-FCD-2014-INMU:AAJ3,"{""carb_definition"": ""available"", ""fiber_definition"": ""total_dietary"", ""human_review_status"": ""pending"", ""portion_basis"": ""source_weight"", ""source_basis"": ""per_100g"", ""source_comparison"": ""pdf_text_compared"", ""source_path"": ""knowledge\\sources\\evidence-2026-10-01\\ASEAN-2014.pdf"", ""source_pdf_page"": 57, ""source_sha256"": ""121ea627bc4250cfff208d046816abe20e1e53556ffa6f166825279e1db92c68"", ""verification_status"": ""source_compared_AI""}"
"นมเปรี้ยว, ยาคูลท์","Milk, cultured, yakult, per 100 ml",นมและผลิตภัณฑ์,100 กรัม,100,78,1.4,17.8,0.1,0.0,ASEAN-FCD-2014-INMU:AAJ44,"{""carb_definition"": ""available"", ""conversion"": ""source_values/density_to_100g"", ""density_g_per_ml"": ""1.065"", ""fiber_definition"": ""total_dietary"", ""human_review_status"": ""pending"", ""portion_basis"": ""source_weight"", ""source_basis"": ""per_100ml"", ""source_comparison"": ""pdf_text_compared"", ""source_path"": ""knowledge\\sources\\evidence-2026-10-01\\ASEAN-2014.pdf"", ""source_pdf_page"": 57, ""source_sha256"": ""121ea627bc4250cfff208d046816abe20e1e53556ffa6f166825279e1db92c68"", ""verification_status"": ""source_compared_AI""}"
"นมข้น, แปลงไขมัน, สูตรน้ำมันปาล์มผสมมันเนย, หวาน","Milk, filled, condensed, sweetenned, w/ palm oil and butter Susu isian pekat manis",นมและผลิตภัณฑ์,100 กรัม,100,339,8.5,54.8,9.5,0,ASEAN-FCD-2014-INMU:AAJ15,"{""carb_definition"": ""available"", ""fiber_definition"": ""total_dietary"", ""human_review_status"": ""pending"", ""portion_basis"": ""source_weight"", ""source_basis"": ""per_100g"", ""source_comparison"": ""pdf_text_compared"", ""source_path"": ""knowledge\\sources\\evidence-2026-10-01\\ASEAN-2014.pdf"", ""source_pdf_page"": 57, ""source_sha256"": ""121ea627bc4250cfff208d046816abe20e1e53556ffa6f166825279e1db92c68"", ""verification_status"": ""source_compared_AI""}"
นมคน 1 เดือน,"Milk, human, 1 month lactation, per 100 ml",นมและผลิตภัณฑ์,100 กรัม,100,52,0.9,7.7,2.0,0.0,ASEAN-FCD-2014-INMU:AAJ40,"{""carb_definition"": ""available"", ""conversion"": ""source_values/density_to_100g"", ""density_g_per_ml"": ""1.014"", ""fiber_definition"": ""total_dietary"", ""human_review_status"": ""pending"", ""portion_basis"": ""source_weight"", ""source_basis"": ""per_100ml"", ""source_comparison"": ""pdf_text_compared"", ""source_path"": ""knowledge\\sources\\evidence-2026-10-01\\ASEAN-2014.pdf"", ""source_pdf_page"": 57, ""source_sha256"": ""121ea627bc4250cfff208d046816abe20e1e53556ffa6f166825279e1db92c68"", ""verification_status"": ""source_compared_AI""}"
นมคน 3 เดือน,"Milk, human, 3 month lactation, per 100 ml",นมและผลิตภัณฑ์,100 กรัม,100,55,0.8,7.6,2.5,0.0,ASEAN-FCD-2014-INMU:AAJ17,"{""carb_definition"": ""available"", ""conversion"": ""source_values/density_to_100g"", ""density_g_per_ml"": ""1.013"", ""fiber_definition"": ""total_dietary"", ""human_review_status"": ""pending"", ""portion_basis"": ""source_weight"", ""source_basis"": ""per_100ml"", ""source_comparison"": ""pdf_text_compared"", ""source_path"": ""knowledge\\sources\\evidence-2026-10-01\\ASEAN-2014.pdf"", ""source_pdf_page"": 57, ""source_sha256"": ""121ea627bc4250cfff208d046816abe20e1e53556ffa6f166825279e1db92c68"", ""verification_status"": ""source_compared_AI""}"
นมคน 6 เดือน,"Milk, human, 6 month lactation, per 100 ml",นมและผลิตภัณฑ์,100 กรัม,100,55,0.8,7.5,2.5,0.0,ASEAN-FCD-2014-INMU:AAJ41,"{""carb_definition"": ""available"", ""conversion"": ""source_values/density_to_100g"", ""density_g_per_ml"": ""1.016"", ""fiber_definition"": ""total_dietary"", ""human_review_status"": ""pending"", ""portion_basis"": ""source_weight"", ""source_basis"": ""per_100ml"", ""source_comparison"": ""pdf_text_compared"", ""source_path"": ""knowledge\\sources\\evidence-2026-10-01\\ASEAN-2014.pdf"", ""source_pdf_page"": 57, ""source_sha256"": ""121ea627bc4250cfff208d046816abe20e1e53556ffa6f166825279e1db92c68"", ""verification_status"": ""source_compared_AI""}"
"นมสด, พาสเจอร์ไรส์, รสชอกโกแลต","Milk, pasteurised, chocolate flavour, per 100 ml",นมและผลิตภัณฑ์,100 กรัม,100,79,2.9,10.1,3.1,0.0,ASEAN-FCD-2014-INMU:AAJ19,"{""carb_definition"": ""available"", ""conversion"": ""source_values/density_to_100g"", ""density_g_per_ml"": ""1.047"", ""fiber_definition"": ""total_dietary"", ""human_review_status"": ""pending"", ""portion_basis"": ""source_weight"", ""source_basis"": ""per_100ml"", ""source_comparison"": ""pdf_text_compared"", ""source_path"": ""knowledge\\sources\\evidence-2026-10-01\\ASEAN-2014.pdf"", ""source_pdf_page"": 57, ""source_sha256"": ""121ea627bc4250cfff208d046816abe20e1e53556ffa6f166825279e1db92c68"", ""verification_status"": ""source_compared_AI""}"
"นมสด, พาสเจอร์ไรส์, รสกาแฟ","Milk, pasteurised, coffee flavour, per 100 ml",นมและผลิตภัณฑ์,100 กรัม,100,68,2.6,8.8,2.4,0.0,ASEAN-FCD-2014-INMU:AAJ18,"{""carb_definition"": ""available"", ""conversion"": ""source_values/density_to_100g"", ""density_g_per_ml"": ""1.034"", ""fiber_definition"": ""total_dietary"", ""human_review_status"": ""pending"", ""portion_basis"": ""source_weight"", ""source_basis"": ""per_100ml"", ""source_comparison"": ""pdf_text_compared"", ""source_path"": ""knowledge\\sources\\evidence-2026-10-01\\ASEAN-2014.pdf"", ""source_pdf_page"": 57, ""source_sha256"": ""121ea627bc4250cfff208d046816abe20e1e53556ffa6f166825279e1db92c68"", ""verification_status"": ""source_compared_AI""}"
"นมสด, พาสเจอร์ไรส์, รสจืด","Milk, pasteurised, natural, per 100 ml",นมและผลิตภัณฑ์,100 กรัม,100,61,3.1,3.8,3.6,0.0,ASEAN-FCD-2014-INMU:AAJ20,"{""carb_definition"": ""available"", ""conversion"": ""source_values/density_to_100g"", ""density_g_per_ml"": ""1.022"", ""fiber_definition"": ""total_dietary"", ""human_review_status"": ""pending"", ""portion_basis"": ""source_weight"", ""source_basis"": ""per_100ml"", ""source_comparison"": ""pdf_text_compared"", ""source_path"": ""knowledge\\sources\\evidence-2026-10-01\\ASEAN-2014.pdf"", ""source_pdf_page"": 57, ""source_sha256"": ""121ea627bc4250cfff208d046816abe20e1e53556ffa6f166825279e1db92c68"", ""verification_status"": ""source_compared_AI""}"
"นมสด, พาสเจอร์ไรส์, รสสตรอเบอรี่","Milk, pasteurised, strawberry flavour, per 100 ml",นมและผลิตภัณฑ์,100 กรัม,100,73,2.8,8.5,3.1,0.0,ASEAN-FCD-2014-INMU:AAJ21,"{""carb_definition"": ""available"", ""conversion"": ""source_values/density_to_100g"", ""density_g_per_ml"": ""1.035"", ""fiber_definition"": ""total_dietary"", ""human_review_status"": ""pending"", ""portion_basis"": ""source_weight"", ""source_basis"": ""per_100ml"", ""source_comparison"": ""pdf_text_compared"", ""source_path"": ""knowledge\\sources\\evidence-2026-10-01\\ASEAN-2014.pdf"", ""source_pdf_page"": 57, ""source_sha256"": ""121ea627bc4250cfff208d046816abe20e1e53556ffa6f166825279e1db92c68"", ""verification_status"": ""source_compared_AI""}"
cream,"VNJ382 Milk, powder, full cream Susu tepung penuh krim",นมและผลิตภัณฑ์,100 กรัม,100,495,25.7,40.3,25.7,0,ASEAN-FCD-2014-INMU:MYJ518,"{""carb_definition"": ""available"", ""fiber_definition"": ""total_dietary"", ""human_review_status"": ""pending"", ""portion_basis"": ""source_weight"", ""source_basis"": ""per_100g"", ""source_comparison"": ""pdf_text_compared"", ""source_path"": ""knowledge\\sources\\evidence-2026-10-01\\ASEAN-2014.pdf"", ""source_pdf_page"": 57, ""source_sha256"": ""121ea627bc4250cfff208d046816abe20e1e53556ffa6f166825279e1db92c68"", ""verification_status"": ""source_compared_AI""}"
นมผงพร่องมันเนย,"Milk, powder, reduced fat",นมและผลิตภัณฑ์,100 กรัม,100,405,30.4,44.8,11.6,0,ASEAN-FCD-2014-INMU:AAJ43,"{""carb_definition"": ""available"", ""fiber_definition"": ""total_dietary"", ""human_review_status"": ""pending"", ""portion_basis"": ""source_weight"", ""source_basis"": ""per_100g"", ""source_comparison"": ""pdf_text_compared"", ""source_path"": ""knowledge\\sources\\evidence-2026-10-01\\ASEAN-2014.pdf"", ""source_pdf_page"": 57, ""source_sha256"": ""121ea627bc4250cfff208d046816abe20e1e53556ffa6f166825279e1db92c68"", ""verification_status"": ""source_compared_AI""}"
"นมข้น, หวาน","Milk, sweetened, condensed Susu pekat manis",นมและผลิตภัณฑ์,100 กรัม,100,337,8.2,56,8.9,0,ASEAN-FCD-2014-INMU:MYJ521,"{""carb_definition"": ""available"", ""fiber_definition"": ""total_dietary"", ""human_review_status"": ""pending"", ""portion_basis"": ""source_weight"", ""source_basis"": ""per_100g"", ""source_comparison"": ""pdf_text_compared"", ""source_path"": ""knowledge\\sources\\evidence-2026-10-01\\ASEAN-2014.pdf"", ""source_pdf_page"": 57, ""source_sha256"": ""121ea627bc4250cfff208d046816abe20e1e53556ffa6f166825279e1db92c68"", ""verification_status"": ""source_compared_AI""}"
"นมสด, ยูเอชที, รสชอกโกแลต","Milk, UHT, chocolate flavour, per 100 ml",นมและผลิตภัณฑ์,100 กรัม,100,75,3.0,10.1,2.5,0.0,ASEAN-FCD-2014-INMU:AAJ46,"{""carb_definition"": ""available"", ""conversion"": ""source_values/density_to_100g"", ""density_g_per_ml"": ""1.053"", ""fiber_definition"": ""total_dietary"", ""human_review_status"": ""pending"", ""portion_basis"": ""source_weight"", ""source_basis"": ""per_100ml"", ""source_comparison"": ""pdf_text_compared"", ""source_path"": ""knowledge\\sources\\evidence-2026-10-01\\ASEAN-2014.pdf"", ""source_pdf_page"": 57, ""source_sha256"": ""121ea627bc4250cfff208d046816abe20e1e53556ffa6f166825279e1db92c68"", ""verification_status"": ""source_compared_AI""}"
"นมสด, ยูเอชที, รสจืด","Milk, UHT, full cream, per 100 ml",นมและผลิตภัณฑ์,100 กรัม,100,66,3.2,4.8,3.7,0.0,ASEAN-FCD-2014-INMU:AAJ47,"{""carb_definition"": ""available"", ""conversion"": ""source_values/density_to_100g"", ""density_g_per_ml"": ""1.022"", ""fiber_definition"": ""total_dietary"", ""human_review_status"": ""pending"", ""portion_basis"": ""source_weight"", ""source_basis"": ""per_100ml"", ""source_comparison"": ""pdf_text_compared"", ""source_path"": ""knowledge\\sources\\evidence-2026-10-01\\ASEAN-2014.pdf"", ""source_pdf_page"": 58, ""source_sha256"": ""121ea627bc4250cfff208d046816abe20e1e53556ffa6f166825279e1db92c68"", ""verification_status"": ""source_compared_AI""}"
"นมสด, พาสเจอร์ไรส์, รสหวาน","Milk,whole,pasteurised, sweetenned, per 100 ml",นมและผลิตภัณฑ์,100 กรัม,100,74,3.1,8.2,3.2,0.0,ASEAN-FCD-2014-INMU:AAJ32,"{""carb_definition"": ""available"", ""conversion"": ""source_values/density_to_100g"", ""density_g_per_ml"": ""1.042"", ""fiber_definition"": ""total_dietary"", ""human_review_status"": ""pending"", ""portion_basis"": ""source_weight"", ""source_basis"": ""per_100ml"", ""source_comparison"": ""pdf_text_compared"", ""source_path"": ""knowledge\\sources\\evidence-2026-10-01\\ASEAN-2014.pdf"", ""source_pdf_page"": 58, ""source_sha256"": ""121ea627bc4250cfff208d046816abe20e1e53556ffa6f166825279e1db92c68"", ""verification_status"": ""source_compared_AI""}"
"นมเปรี้ยว, พร้อมดื่ม, พาสเจอร์ไรส์, รสต่างๆยกเว้นรสธรรมชาติ, เฉลี่ย","Yoghurt, drinking, pasteurised, different flavours (except natural flavoured), average, per 100 ml",นมและผลิตภัณฑ์,100 กรัม,100,82,1.9,15.2,1.5,0.0,ASEAN-FCD-2014-INMU:AAJ37,"{""carb_definition"": ""available"", ""conversion"": ""source_values/density_to_100g"", ""density_g_per_ml"": ""1.050"", ""fiber_definition"": ""total_dietary"", ""human_review_status"": ""pending"", ""portion_basis"": ""source_weight"", ""source_basis"": ""per_100ml"", ""source_comparison"": ""pdf_text_compared"", ""source_path"": ""knowledge\\sources\\evidence-2026-10-01\\ASEAN-2014.pdf"", ""source_pdf_page"": 58, ""source_sha256"": ""121ea627bc4250cfff208d046816abe20e1e53556ffa6f166825279e1db92c68"", ""verification_status"": ""source_compared_AI""}"
"เนยสด, ชนิดเค็ม","Butter, pure creamery, salted",น้ำมันและไขมัน,100 กรัม,100,758,0.4,0,84,0,ASEAN-FCD-2014-INMU:AAK23,"{""carb_definition"": ""available"", ""fiber_definition"": ""total_dietary"", ""human_review_status"": ""pending"", ""portion_basis"": ""source_weight"", ""source_basis"": ""per_100g"", ""source_comparison"": ""pdf_text_compared"", ""source_path"": ""knowledge\\sources\\evidence-2026-10-01\\ASEAN-2014.pdf"", ""source_pdf_page"": 59, ""source_sha256"": ""121ea627bc4250cfff208d046816abe20e1e53556ffa6f166825279e1db92c68"", ""verification_status"": ""source_compared_AI""}"
"เนยสด, ชนิดจืด","Butter, unsalted",น้ำมันและไขมัน,100 กรัม,100,760,0.7,0,84.1,0,ASEAN-FCD-2014-INMU:AAK1,"{""carb_definition"": ""available"", ""fiber_definition"": ""total_dietary"", ""human_review_status"": ""pending"", ""portion_basis"": ""source_weight"", ""source_basis"": ""per_100g"", ""source_comparison"": ""pdf_text_compared"", ""source_path"": ""knowledge\\sources\\evidence-2026-10-01\\ASEAN-2014.pdf"", ""source_pdf_page"": 59, ""source_sha256"": ""121ea627bc4250cfff208d046816abe20e1e53556ffa6f166825279e1db92c68"", ""verification_status"": ""source_compared_AI""}"
"กะทิ, กระป๋อง","Coconut milk, canned, per 100 ml",น้ำมันและไขมัน,100 กรัม,100,186,1.9,1.4,19.2,0.1,ASEAN-FCD-2014-INMU:AAK4,"{""carb_definition"": ""available"", ""conversion"": ""source_values/density_to_100g"", ""density_g_per_ml"": ""0.990"", ""fiber_definition"": ""total_dietary"", ""human_review_status"": ""pending"", ""portion_basis"": ""source_weight"", ""source_basis"": ""per_100ml"", ""source_comparison"": ""pdf_text_compared"", ""source_path"": ""knowledge\\sources\\evidence-2026-10-01\\ASEAN-2014.pdf"", ""source_pdf_page"": 59, ""source_sha256"": ""121ea627bc4250cfff208d046816abe20e1e53556ffa6f166825279e1db92c68"", ""verification_status"": ""source_compared_AI""}"
"กะทิ, ผง","Coconut milk, powder, instant Serbuk santan kelapa",น้ำมันและไขมัน,100 กรัม,100,668,8.9,28.9,57.2,0.9,ASEAN-FCD-2014-INMU:AAK5,"{""carb_definition"": ""available"", ""fiber_definition"": ""total_dietary"", ""human_review_status"": ""pending"", ""portion_basis"": ""source_weight"", ""source_basis"": ""per_100g"", ""source_comparison"": ""pdf_text_compared"", ""source_path"": ""knowledge\\sources\\evidence-2026-10-01\\ASEAN-2014.pdf"", ""source_pdf_page"": 59, ""source_sha256"": ""121ea627bc4250cfff208d046816abe20e1e53556ffa6f166825279e1db92c68"", ""verification_status"": ""source_compared_AI""}"
พริกขี้หนู,"Bird chilli, small, fresh Cili padi",เครื่องปรุง,100 กรัม,100,56,3.7,2.9,1.1,9.9,ASEAN-FCD-2014-INMU:AAN4,"{""carb_definition"": ""available"", ""fiber_definition"": ""total_dietary"", ""human_review_status"": ""pending"", ""portion_basis"": ""source_weight"", ""source_basis"": ""per_100g"", ""source_comparison"": ""pdf_text_compared"", ""source_path"": ""knowledge\\sources\\evidence-2026-10-01\\ASEAN-2014.pdf"", ""source_pdf_page"": 60, ""source_sha256"": ""121ea627bc4250cfff208d046816abe20e1e53556ffa6f166825279e1db92c68"", ""verification_status"": ""source_compared_AI""}"
พริกหยวก,"Chilli pepper, green, raw",เครื่องปรุง,100 กรัม,100,24,1.4,2.6,0.2,3.2,ASEAN-FCD-2014-INMU:AAN93,"{""carb_definition"": ""available"", ""fiber_definition"": ""total_dietary"", ""human_review_status"": ""pending"", ""portion_basis"": ""source_weight"", ""source_basis"": ""per_100g"", ""source_comparison"": ""pdf_text_compared"", ""source_path"": ""knowledge\\sources\\evidence-2026-10-01\\ASEAN-2014.pdf"", ""source_pdf_page"": 60, ""source_sha256"": ""121ea627bc4250cfff208d046816abe20e1e53556ffa6f166825279e1db92c68"", ""verification_status"": ""source_compared_AI""}"
"ขิง, แก่","PHN012 Ginger, root, fresh Halia",เครื่องปรุง,100 กรัม,100,39,1.2,5.2,0.8,2.9,ASEAN-FCD-2014-INMU:AAN36,"{""carb_definition"": ""available"", ""fiber_definition"": ""total_dietary"", ""human_review_status"": ""pending"", ""portion_basis"": ""source_weight"", ""source_basis"": ""per_100g"", ""source_comparison"": ""pdf_text_compared"", ""source_path"": ""knowledge\\sources\\evidence-2026-10-01\\ASEAN-2014.pdf"", ""source_pdf_page"": 60, ""source_sha256"": ""121ea627bc4250cfff208d046816abe20e1e53556ffa6f166825279e1db92c68"", ""verification_status"": ""source_compared_AI""}"
"กระเพรา, ใบ","Holy basil, leaf, fresh",เครื่องปรุง,100 กรัม,100,42,3.3,4,0.5,4.1,ASEAN-FCD-2014-INMU:AAN39,"{""carb_definition"": ""available"", ""fiber_definition"": ""total_dietary"", ""human_review_status"": ""pending"", ""portion_basis"": ""source_weight"", ""source_basis"": ""per_100g"", ""source_comparison"": ""pdf_text_compared"", ""source_path"": ""knowledge\\sources\\evidence-2026-10-01\\ASEAN-2014.pdf"", ""source_pdf_page"": 60, ""source_sha256"": ""121ea627bc4250cfff208d046816abe20e1e53556ffa6f166825279e1db92c68"", ""verification_status"": ""source_compared_AI""}"
กระชาย,Kra-chai (Kaempfer/ Chinese deys),เครื่องปรุง,100 กรัม,100,18,0.2,2.9,0.5,0.6,ASEAN-FCD-2014-INMU:AAN84,"{""carb_definition"": ""available"", ""fiber_definition"": ""total_dietary"", ""human_review_status"": ""pending"", ""portion_basis"": ""source_weight"", ""source_basis"": ""per_100g"", ""source_comparison"": ""pdf_text_compared"", ""source_path"": ""knowledge\\sources\\evidence-2026-10-01\\ASEAN-2014.pdf"", ""source_pdf_page"": 60, ""source_sha256"": ""121ea627bc4250cfff208d046816abe20e1e53556ffa6f166825279e1db92c68"", ""verification_status"": ""source_compared_AI""}"
ผงหมักไก่,"Marinade powder, for chicken",เครื่องปรุง,100 กรัม,100,289,7.7,58.2,2.3,2.5,ASEAN-FCD-2014-INMU:AAN90,"{""carb_definition"": ""available"", ""fiber_definition"": ""total_dietary"", ""human_review_status"": ""pending"", ""portion_basis"": ""source_weight"", ""source_basis"": ""per_100g"", ""source_comparison"": ""pdf_text_compared"", ""source_path"": ""knowledge\\sources\\evidence-2026-10-01\\ASEAN-2014.pdf"", ""source_pdf_page"": 60, ""source_sha256"": ""121ea627bc4250cfff208d046816abe20e1e53556ffa6f166825279e1db92c68"", ""verification_status"": ""source_compared_AI""}"
ผงหมูแดง,"Marinade powder, for roasted pork",เครื่องปรุง,100 กรัม,100,288,2.6,65.9,1.3,0.9,ASEAN-FCD-2014-INMU:AAN59,"{""carb_definition"": ""available"", ""fiber_definition"": ""total_dietary"", ""human_review_status"": ""pending"", ""portion_basis"": ""source_weight"", ""source_basis"": ""per_100g"", ""source_comparison"": ""pdf_text_compared"", ""source_path"": ""knowledge\\sources\\evidence-2026-10-01\\ASEAN-2014.pdf"", ""source_pdf_page"": 60, ""source_sha256"": ""121ea627bc4250cfff208d046816abe20e1e53556ffa6f166825279e1db92c68"", ""verification_status"": ""source_compared_AI""}"
"สะเต๊ะ, ผง","Marinade powder, for satay",เครื่องปรุง,100 กรัม,100,309,3.2,70.8,0.7,3.3,ASEAN-FCD-2014-INMU:AAN63,"{""carb_definition"": ""available"", ""fiber_definition"": ""total_dietary"", ""human_review_status"": ""pending"", ""portion_basis"": ""source_weight"", ""source_basis"": ""per_100g"", ""source_comparison"": ""pdf_text_compared"", ""source_path"": ""knowledge\\sources\\evidence-2026-10-01\\ASEAN-2014.pdf"", ""source_pdf_page"": 60, ""source_sha256"": ""121ea627bc4250cfff208d046816abe20e1e53556ffa6f166825279e1db92c68"", ""verification_status"": ""source_compared_AI""}"
"สะระแหน่, ใบ","Mint, leaf Daun pudina",เครื่องปรุง,100 กรัม,100,33,2.9,1.4,0.8,4.3,ASEAN-FCD-2014-INMU:AAN48,"{""carb_definition"": ""available"", ""fiber_definition"": ""total_dietary"", ""human_review_status"": ""pending"", ""portion_basis"": ""source_weight"", ""source_basis"": ""per_100g"", ""source_comparison"": ""pdf_text_compared"", ""source_path"": ""knowledge\\sources\\evidence-2026-10-01\\ASEAN-2014.pdf"", ""source_pdf_page"": 60, ""source_sha256"": ""121ea627bc4250cfff208d046816abe20e1e53556ffa6f166825279e1db92c68"", ""verification_status"": ""source_compared_AI""}"
น้ำพริกแกงเขียวหวาน,"Paste, curry, green",เครื่องปรุง,100 กรัม,100,59,3.5,5.9,0.8,7.1,ASEAN-FCD-2014-INMU:AAN25,"{""carb_definition"": ""available"", ""fiber_definition"": ""total_dietary"", ""human_review_status"": ""pending"", ""portion_basis"": ""source_weight"", ""source_basis"": ""per_100g"", ""source_comparison"": ""pdf_text_compared"", ""source_path"": ""knowledge\\sources\\evidence-2026-10-01\\ASEAN-2014.pdf"", ""source_pdf_page"": 61, ""source_sha256"": ""121ea627bc4250cfff208d046816abe20e1e53556ffa6f166825279e1db92c68"", ""verification_status"": ""source_compared_AI""}"
น้ำพริกแกงแพนง,"Paste, curry, panang",เครื่องปรุง,100 กรัม,100,92,4.6,10.1,1.8,8.6,ASEAN-FCD-2014-INMU:AAN28,"{""carb_definition"": ""available"", ""fiber_definition"": ""total_dietary"", ""human_review_status"": ""pending"", ""portion_basis"": ""source_weight"", ""source_basis"": ""per_100g"", ""source_comparison"": ""pdf_text_compared"", ""source_path"": ""knowledge\\sources\\evidence-2026-10-01\\ASEAN-2014.pdf"", ""source_pdf_page"": 61, ""source_sha256"": ""121ea627bc4250cfff208d046816abe20e1e53556ffa6f166825279e1db92c68"", ""verification_status"": ""source_compared_AI""}"
น้ำพริกแกงแดง,"Paste, curry, red",เครื่องปรุง,100 กรัม,100,94,5.3,8.3,2.2,9.9,ASEAN-FCD-2014-INMU:AAN26,"{""carb_definition"": ""available"", ""fiber_definition"": ""total_dietary"", ""human_review_status"": ""pending"", ""portion_basis"": ""source_weight"", ""source_basis"": ""per_100g"", ""source_comparison"": ""pdf_text_compared"", ""source_path"": ""knowledge\\sources\\evidence-2026-10-01\\ASEAN-2014.pdf"", ""source_pdf_page"": 61, ""source_sha256"": ""121ea627bc4250cfff208d046816abe20e1e53556ffa6f166825279e1db92c68"", ""verification_status"": ""source_compared_AI""}"
น้ำพริกแกงกะหรี่,"Paste, curry, yellow (Kari)",เครื่องปรุง,100 กรัม,100,109,4.6,5,5.8,9.2,ASEAN-FCD-2014-INMU:AAN27,"{""carb_definition"": ""available"", ""fiber_definition"": ""total_dietary"", ""human_review_status"": ""pending"", ""portion_basis"": ""source_weight"", ""source_basis"": ""per_100g"", ""source_comparison"": ""pdf_text_compared"", ""source_path"": ""knowledge\\sources\\evidence-2026-10-01\\ASEAN-2014.pdf"", ""source_pdf_page"": 61, ""source_sha256"": ""121ea627bc4250cfff208d046816abe20e1e53556ffa6f166825279e1db92c68"", ""verification_status"": ""source_compared_AI""}"
"กะปิเคย, คุณภาพรอง","Paste, tiny shrimp, fermented (Ka-pi)",เครื่องปรุง,100 กรัม,100,81,13.9,2.7,1.2,2,ASEAN-FCD-2014-INMU:AAN67,"{""carb_definition"": ""available"", ""fiber_definition"": ""total_dietary"", ""human_review_status"": ""pending"", ""portion_basis"": ""source_weight"", ""source_basis"": ""per_100g"", ""source_comparison"": ""pdf_text_compared"", ""source_path"": ""knowledge\\sources\\evidence-2026-10-01\\ASEAN-2014.pdf"", ""source_pdf_page"": 61, ""source_sha256"": ""121ea627bc4250cfff208d046816abe20e1e53556ffa6f166825279e1db92c68"", ""verification_status"": ""source_compared_AI""}"
ซอสมะเขือเทศ,"Sauce, tomato (ketchup) Sos tomato/Ketcup tomato",ผัก,100 กรัม,100,114,1.6,26.5,0,1,ASEAN-FCD-2014-INMU:MYD227,"{""carb_definition"": ""available"", ""fiber_definition"": ""total_dietary"", ""human_review_status"": ""pending"", ""portion_basis"": ""source_weight"", ""source_basis"": ""per_100g"", ""source_comparison"": ""pdf_text_compared"", ""source_path"": ""knowledge\\sources\\evidence-2026-10-01\\ASEAN-2014.pdf"", ""source_pdf_page"": 61, ""source_sha256"": ""121ea627bc4250cfff208d046816abe20e1e53556ffa6f166825279e1db92c68"", ""verification_status"": ""source_compared_AI""}"
หอมแดง,"Shallot, bulb Bawang merah",ผัก,100 กรัม,100,62,1.7,12.3,0.1,2.4,ASEAN-FCD-2014-INMU:MYD193,"{""carb_definition"": ""available"", ""fiber_definition"": ""total_dietary"", ""human_review_status"": ""pending"", ""portion_basis"": ""source_weight"", ""source_basis"": ""per_100g"", ""source_comparison"": ""pdf_text_compared"", ""source_path"": ""knowledge\\sources\\evidence-2026-10-01\\ASEAN-2014.pdf"", ""source_pdf_page"": 61, ""source_sha256"": ""121ea627bc4250cfff208d046816abe20e1e53556ffa6f166825279e1db92c68"", ""verification_status"": ""source_compared_AI""}"
กุ้งป่นพริกขี้หนู,"Shrimp, ground, with chilli",เครื่องปรุง,100 กรัม,100,277,56.1,0,3.6,9.9,ASEAN-FCD-2014-INMU:AAN95,"{""carb_definition"": ""available"", ""fiber_definition"": ""total_dietary"", ""human_review_status"": ""pending"", ""portion_basis"": ""source_weight"", ""source_basis"": ""per_100g"", ""source_comparison"": ""pdf_text_compared"", ""source_path"": ""knowledge\\sources\\evidence-2026-10-01\\ASEAN-2014.pdf"", ""source_pdf_page"": 61, ""source_sha256"": ""121ea627bc4250cfff208d046816abe20e1e53556ffa6f166825279e1db92c68"", ""verification_status"": ""source_compared_AI""}"
"โหระพา, ใบ","Sweet basil, leaf",เครื่องปรุง,100 กรัม,100,36,2.9,4.8,0.1,2,ASEAN-FCD-2014-INMU:AAN71,"{""carb_definition"": ""available"", ""fiber_definition"": ""total_dietary"", ""human_review_status"": ""pending"", ""portion_basis"": ""source_weight"", ""source_basis"": ""per_100g"", ""source_comparison"": ""pdf_text_compared"", ""source_path"": ""knowledge\\sources\\evidence-2026-10-01\\ASEAN-2014.pdf"", ""source_pdf_page"": 61, ""source_sha256"": ""121ea627bc4250cfff208d046816abe20e1e53556ffa6f166825279e1db92c68"", ""verification_status"": ""source_compared_AI""}"
ขมิ้น,"Turmeric, rhizome, fresh Dilaw",เครื่องปรุง,100 กรัม,100,38,1.1,4.4,0.3,6.5,ASEAN-FCD-2014-INMU:THN8,"{""carb_definition"": ""available"", ""fiber_definition"": ""total_dietary"", ""human_review_status"": ""pending"", ""portion_basis"": ""source_weight"", ""source_basis"": ""per_100g"", ""source_comparison"": ""pdf_text_compared"", ""source_path"": ""knowledge\\sources\\evidence-2026-10-01\\ASEAN-2014.pdf"", ""source_pdf_page"": 61, ""source_sha256"": ""121ea627bc4250cfff208d046816abe20e1e53556ffa6f166825279e1db92c68"", ""verification_status"": ""source_compared_AI""}"
กาแฟใส่นม,"Coffee, iced, per 100 ml",เครื่องดื่ม,100 กรัม,100,60,1.6,11.9,0.6,0.0,ASEAN-FCD-2014-INMU:AAQ9,"{""carb_definition"": ""available"", ""conversion"": ""source_values/density_to_100g"", ""density_g_per_ml"": ""1.056"", ""fiber_definition"": ""total_dietary"", ""human_review_status"": ""pending"", ""portion_basis"": ""source_weight"", ""source_basis"": ""per_100ml"", ""source_comparison"": ""pdf_text_compared"", ""source_path"": ""knowledge\\sources\\evidence-2026-10-01\\ASEAN-2014.pdf"", ""source_pdf_page"": 62, ""source_sha256"": ""121ea627bc4250cfff208d046816abe20e1e53556ffa6f166825279e1db92c68"", ""verification_status"": ""source_compared_AI""}"
น้ำกระเจี๊ยบ,"Drink, roselle, per 100 ml",เครื่องดื่ม,100 กรัม,100,62,0.0,15.4,0.0,0.1,ASEAN-FCD-2014-INMU:AAQ47,"{""carb_definition"": ""available"", ""conversion"": ""source_values/density_to_100g"", ""density_g_per_ml"": ""1.062"", ""fiber_definition"": ""total_dietary"", ""human_review_status"": ""pending"", ""portion_basis"": ""source_weight"", ""source_basis"": ""per_100ml"", ""source_comparison"": ""pdf_text_compared"", ""source_path"": ""knowledge\\sources\\evidence-2026-10-01\\ASEAN-2014.pdf"", ""source_pdf_page"": 62, ""source_sha256"": ""121ea627bc4250cfff208d046816abe20e1e53556ffa6f166825279e1db92c68"", ""verification_status"": ""source_compared_AI""}"
"เครื่องดื่มรสช็อกโกแลต, ผง","Energy drink, chocolate flavoured, powder (Milo+Ovaltine)",เครื่องดื่ม,100 กรัม,100,396,12,74.7,5.5,0,ASEAN-FCD-2014-INMU:AAQ59,"{""carb_definition"": ""available"", ""fiber_definition"": ""total_dietary"", ""human_review_status"": ""pending"", ""portion_basis"": ""source_weight"", ""source_basis"": ""per_100g"", ""source_comparison"": ""pdf_text_compared"", ""source_path"": ""knowledge\\sources\\evidence-2026-10-01\\ASEAN-2014.pdf"", ""source_pdf_page"": 62, ""source_sha256"": ""121ea627bc4250cfff208d046816abe20e1e53556ffa6f166825279e1db92c68"", ""verification_status"": ""source_compared_AI""}"
น้ำส้ม 100%,"Juice, orange, 100%, per 100 ml",เครื่องดื่ม,100 กรัม,100,53,0.6,12.4,0.1,0.1,ASEAN-FCD-2014-INMU:AAQ43,"{""carb_definition"": ""available"", ""conversion"": ""source_values/density_to_100g"", ""density_g_per_ml"": ""1.055"", ""fiber_definition"": ""total_dietary"", ""human_review_status"": ""pending"", ""portion_basis"": ""source_weight"", ""source_basis"": ""per_100ml"", ""source_comparison"": ""pdf_text_compared"", ""source_path"": ""knowledge\\sources\\evidence-2026-10-01\\ASEAN-2014.pdf"", ""source_pdf_page"": 62, ""source_sha256"": ""121ea627bc4250cfff208d046816abe20e1e53556ffa6f166825279e1db92c68"", ""verification_status"": ""source_compared_AI""}"
นมถั่วเหลือง,"Soybean milk, commercial, per 100 ml",เครื่องดื่ม,100 กรัม,100,78,2.4,9.5,3.3,0.4,ASEAN-FCD-2014-INMU:AAQ66,"{""carb_definition"": ""available"", ""conversion"": ""source_values/density_to_100g"", ""density_g_per_ml"": ""1.048"", ""fiber_definition"": ""total_dietary"", ""human_review_status"": ""pending"", ""portion_basis"": ""source_weight"", ""source_basis"": ""per_100ml"", ""source_comparison"": ""pdf_text_compared"", ""source_path"": ""knowledge\\sources\\evidence-2026-10-01\\ASEAN-2014.pdf"", ""source_pdf_page"": 62, ""source_sha256"": ""121ea627bc4250cfff208d046816abe20e1e53556ffa6f166825279e1db92c68"", ""verification_status"": ""source_compared_AI""}"
ชาใส่นมข้นหวาน,"Tea, w/ milk, per 100 ml",เครื่องดื่ม,100 กรัม,100,66,0.1,14.0,1.1,0.0,ASEAN-FCD-2014-INMU:AAQ55,"{""carb_definition"": ""available"", ""conversion"": ""source_values/density_to_100g"", ""density_g_per_ml"": ""1.036"", ""fiber_definition"": ""total_dietary"", ""human_review_status"": ""pending"", ""portion_basis"": ""source_weight"", ""source_basis"": ""per_100ml"", ""source_comparison"": ""pdf_text_compared"", ""source_path"": ""knowledge\\sources\\evidence-2026-10-01\\ASEAN-2014.pdf"", ""source_pdf_page"": 62, ""source_sha256"": ""121ea627bc4250cfff208d046816abe20e1e53556ffa6f166825279e1db92c68"", ""verification_status"": ""source_compared_AI""}"
"เบอร์เกอร์, เนื้อ","Burger, beef",อาหารจานด่วน,100 กรัม,100,275,13.4,21.4,14.8,1.4,ASEAN-FCD-2014-INMU:AAS1,"{""carb_definition"": ""available"", ""fiber_definition"": ""total_dietary"", ""human_review_status"": ""pending"", ""portion_basis"": ""source_weight"", ""source_basis"": ""per_100g"", ""source_comparison"": ""pdf_text_compared"", ""source_path"": ""knowledge\\sources\\evidence-2026-10-01\\ASEAN-2014.pdf"", ""source_pdf_page"": 63, ""source_sha256"": ""121ea627bc4250cfff208d046816abe20e1e53556ffa6f166825279e1db92c68"", ""verification_status"": ""source_compared_AI""}"
"เบอร์เกอร์, ปลา","Burger, Fish",อาหารจานด่วน,100 กรัม,100,289,11.6,24.6,15.6,2,ASEAN-FCD-2014-INMU:AAS4,"{""carb_definition"": ""available"", ""fiber_definition"": ""total_dietary"", ""human_review_status"": ""pending"", ""portion_basis"": ""source_weight"", ""source_basis"": ""per_100g"", ""source_comparison"": ""pdf_text_compared"", ""source_path"": ""knowledge\\sources\\evidence-2026-10-01\\ASEAN-2014.pdf"", ""source_pdf_page"": 63, ""source_sha256"": ""121ea627bc4250cfff208d046816abe20e1e53556ffa6f166825279e1db92c68"", ""verification_status"": ""source_compared_AI""}"
มันฝรั่งทอด,French fries,อาหารจานด่วน,100 กรัม,100,336,3.9,37.2,18.1,4.2,ASEAN-FCD-2014-INMU:AAS6,"{""carb_definition"": ""available"", ""fiber_definition"": ""total_dietary"", ""human_review_status"": ""pending"", ""portion_basis"": ""source_weight"", ""source_basis"": ""per_100g"", ""source_comparison"": ""pdf_text_compared"", ""source_path"": ""knowledge\\sources\\evidence-2026-10-01\\ASEAN-2014.pdf"", ""source_pdf_page"": 63, ""source_sha256"": ""121ea627bc4250cfff208d046816abe20e1e53556ffa6f166825279e1db92c68"", ""verification_status"": ""source_compared_AI""}"
"แซนวิช, แฮม","Sandwich, ham",อาหารจานด่วน,100 กรัม,100,220,9.3,22.2,10.2,0.9,ASEAN-FCD-2014-INMU:AAS11,"{""carb_definition"": ""available"", ""fiber_definition"": ""total_dietary"", ""human_review_status"": ""pending"", ""portion_basis"": ""source_weight"", ""source_basis"": ""per_100g"", ""source_comparison"": ""pdf_text_compared"", ""source_path"": ""knowledge\\sources\\evidence-2026-10-01\\ASEAN-2014.pdf"", ""source_pdf_page"": 63, ""source_sha256"": ""121ea627bc4250cfff208d046816abe20e1e53556ffa6f166825279e1db92c68"", ""verification_status"": ""source_compared_AI""}"
ข้าวขาหมู,Rice w/ pig leg and gravy,อาหารจานเดียว,100 กรัม,100,161,7.2,19.3,5.9,1,ASEAN-FCD-2014-INMU:AAT366,"{""carb_definition"": ""available"", ""fiber_definition"": ""total_dietary"", ""human_review_status"": ""pending"", ""portion_basis"": ""source_weight"", ""source_basis"": ""per_100g"", ""source_comparison"": ""pdf_text_compared"", ""source_path"": ""knowledge\\sources\\evidence-2026-10-01\\ASEAN-2014.pdf"", ""source_pdf_page"": 64, ""source_sha256"": ""121ea627bc4250cfff208d046816abe20e1e53556ffa6f166825279e1db92c68"", ""verification_status"": ""source_compared_AI""}"
"ขนมจีน, น้ำยา",Fermented rice noodle with fish curry,อาหารจานเดียว,100 กรัม,100,82,2.7,13,2.1,0.4,ASEAN-FCD-2014-INMU:AAT204,"{""carb_definition"": ""available"", ""fiber_definition"": ""total_dietary"", ""human_review_status"": ""pending"", ""portion_basis"": ""source_weight"", ""source_basis"": ""per_100g"", ""source_comparison"": ""pdf_text_compared"", ""source_path"": ""knowledge\\sources\\evidence-2026-10-01\\ASEAN-2014.pdf"", ""source_pdf_page"": 64, ""source_sha256"": ""121ea627bc4250cfff208d046816abe20e1e53556ffa6f166825279e1db92c68"", ""verification_status"": ""source_compared_AI""}"
"เส้นใหญ่, หมู, น้ำ","Rice noodle, big size, with pork, w/o soup",อาหารจานเดียว,100 กรัม,100,75,7.1,2.8,3.6,1.6,ASEAN-FCD-2014-INMU:AAT348,"{""carb_definition"": ""available"", ""fiber_definition"": ""total_dietary"", ""human_review_status"": ""pending"", ""portion_basis"": ""source_weight"", ""source_basis"": ""per_100g"", ""source_comparison"": ""pdf_text_compared"", ""source_path"": ""knowledge\\sources\\evidence-2026-10-01\\ASEAN-2014.pdf"", ""source_pdf_page"": 64, ""source_sha256"": ""121ea627bc4250cfff208d046816abe20e1e53556ffa6f166825279e1db92c68"", ""verification_status"": ""source_compared_AI""}"
"เส้นหมี่, ลูกชิ้นเนื้อวัว, น้ำ","Rice noodle, fine thread, w/ beef ball and soup",อาหารจานเดียว,100 กรัม,100,49,3.2,5.8,1.3,0.7,ASEAN-FCD-2014-INMU:AAT346,"{""carb_definition"": ""available"", ""fiber_definition"": ""total_dietary"", ""human_review_status"": ""pending"", ""portion_basis"": ""source_weight"", ""source_basis"": ""per_100g"", ""source_comparison"": ""pdf_text_compared"", ""source_path"": ""knowledge\\sources\\evidence-2026-10-01\\ASEAN-2014.pdf"", ""source_pdf_page"": 64, ""source_sha256"": ""121ea627bc4250cfff208d046816abe20e1e53556ffa6f166825279e1db92c68"", ""verification_status"": ""source_compared_AI""}"
"แกงพะแนง-หอยลาย, พร้อมบริโภค","Baby clam, curry (Pa-naeng) type cooked with coconut milk",อาหารจานเดียว,100 กรัม,100,126,7.2,3.4,9,1.4,ASEAN-FCD-2014-INMU:AAT134,"{""carb_definition"": ""available"", ""fiber_definition"": ""total_dietary"", ""human_review_status"": ""pending"", ""portion_basis"": ""source_weight"", ""source_basis"": ""per_100g"", ""source_comparison"": ""pdf_text_compared"", ""source_path"": ""knowledge\\sources\\evidence-2026-10-01\\ASEAN-2014.pdf"", ""source_pdf_page"": 64, ""source_sha256"": ""121ea627bc4250cfff208d046816abe20e1e53556ffa6f166825279e1db92c68"", ""verification_status"": ""source_compared_AI""}"
ไข่,"Moon's cake, durian and egg filling",อาหารจานเดียว,100 กรัม,100,379,6.5,57,13.2,3.2,ASEAN-FCD-2014-INMU:AAT259,"{""carb_definition"": ""available"", ""fiber_definition"": ""total_dietary"", ""human_review_status"": ""pending"", ""portion_basis"": ""source_weight"", ""source_basis"": ""per_100g"", ""source_comparison"": ""pdf_text_compared"", ""source_path"": ""knowledge\\sources\\evidence-2026-10-01\\ASEAN-2014.pdf"", ""source_pdf_page"": 65, ""source_sha256"": ""121ea627bc4250cfff208d046816abe20e1e53556ffa6f166825279e1db92c68"", ""verification_status"": ""source_compared_AI""}"
"ขนมไหว้พระจันทร์, ไส้ทุเรียน","Moon's ca ke, durian filling",อาหารจานเดียว,100 กรัม,100,363,5,60.7,10.3,3.7,ASEAN-FCD-2014-INMU:AAT255,"{""carb_definition"": ""available"", ""fiber_definition"": ""total_dietary"", ""human_review_status"": ""pending"", ""portion_basis"": ""source_weight"", ""source_basis"": ""per_100g"", ""source_comparison"": ""pdf_text_compared"", ""source_path"": ""knowledge\\sources\\evidence-2026-10-01\\ASEAN-2014.pdf"", ""source_pdf_page"": 65, ""source_sha256"": ""121ea627bc4250cfff208d046816abe20e1e53556ffa6f166825279e1db92c68"", ""verification_status"": ""source_compared_AI""}"
"ขนมไหว้พระจันทร์, ไส้โหงวยิ้ง","Moon's cake , five nuts filling",อาหารจานเดียว,100 กรัม,100,430,10.5,52.3,19.3,2.6,ASEAN-FCD-2014-INMU:AAT258,"{""carb_definition"": ""available"", ""fiber_definition"": ""total_dietary"", ""human_review_status"": ""pending"", ""portion_basis"": ""source_weight"", ""source_basis"": ""per_100g"", ""source_comparison"": ""pdf_text_compared"", ""source_path"": ""knowledge\\sources\\evidence-2026-10-01\\ASEAN-2014.pdf"", ""source_pdf_page"": 65, ""source_sha256"": ""121ea627bc4250cfff208d046816abe20e1e53556ffa6f166825279e1db92c68"", ""verification_status"": ""source_compared_AI""}"
"ขนมไหว้พระจันทร์, ใส้เมล็ดบัว","Moon's cake, lotus seed filling",อาหารจานเดียว,100 กรัม,100,384,5.8,55.6,14.8,2.4,ASEAN-FCD-2014-INMU:AAT254,"{""carb_definition"": ""available"", ""fiber_definition"": ""total_dietary"", ""human_review_status"": ""pending"", ""portion_basis"": ""source_weight"", ""source_basis"": ""per_100g"", ""source_comparison"": ""pdf_text_compared"", ""source_path"": ""knowledge\\sources\\evidence-2026-10-01\\ASEAN-2014.pdf"", ""source_pdf_page"": 65, ""source_sha256"": ""121ea627bc4250cfff208d046816abe20e1e53556ffa6f166825279e1db92c68"", ""verification_status"": ""source_compared_AI""}"
เผือกแกงบวด,Taro in coconut milk,อาหารจานเดียว,100 กรัม,100,133,1,21.6,4.5,0.9,ASEAN-FCD-2014-INMU:AAT431,"{""carb_definition"": ""available"", ""fiber_definition"": ""total_dietary"", ""human_review_status"": ""pending"", ""portion_basis"": ""source_weight"", ""source_basis"": ""per_100g"", ""source_comparison"": ""pdf_text_compared"", ""source_path"": ""knowledge\\sources\\evidence-2026-10-01\\ASEAN-2014.pdf"", ""source_pdf_page"": 65, ""source_sha256"": ""121ea627bc4250cfff208d046816abe20e1e53556ffa6f166825279e1db92c68"", ""verification_status"": ""source_compared_AI""}"
"หนอนไม้ไผ่, ทอด","Bamboo caterpillar, deep fried",อื่น ๆ,100 กรัม,100,644,25.5,11,55.3,0,ASEAN-FCD-2014-INMU:AAU22,"{""carb_definition"": ""available"", ""fiber_definition"": ""total_dietary"", ""human_review_status"": ""pending"", ""portion_basis"": ""source_weight"", ""source_basis"": ""per_100g"", ""source_comparison"": ""pdf_text_compared"", ""source_path"": ""knowledge\\sources\\evidence-2026-10-01\\ASEAN-2014.pdf"", ""source_pdf_page"": 66, ""source_sha256"": ""121ea627bc4250cfff208d046816abe20e1e53556ffa6f166825279e1db92c68"", ""verification_status"": ""source_compared_AI""}"
รังนก,"Bird nest, in sealed bottle",อื่น ๆ,100 กรัม,100,69,0.5,16.8,0,0,ASEAN-FCD-2014-INMU:AAU26,"{""carb_definition"": ""available"", ""fiber_definition"": ""total_dietary"", ""human_review_status"": ""pending"", ""portion_basis"": ""source_weight"", ""source_basis"": ""per_100g"", ""source_comparison"": ""pdf_text_compared"", ""source_path"": ""knowledge\\sources\\evidence-2026-10-01\\ASEAN-2014.pdf"", ""source_pdf_page"": 66, ""source_sha256"": ""121ea627bc4250cfff208d046816abe20e1e53556ffa6f166825279e1db92c68"", ""verification_status"": ""source_compared_AI""}"
แมงกุดจี่,"Buffalo dung beetle, blanched",อื่น ๆ,100 กรัม,100,125,17.2,1.3,4.3,5.9,ASEAN-FCD-2014-INMU:AAU23,"{""carb_definition"": ""available"", ""fiber_definition"": ""total_dietary"", ""human_review_status"": ""pending"", ""portion_basis"": ""source_weight"", ""source_basis"": ""per_100g"", ""source_comparison"": ""pdf_text_compared"", ""source_path"": ""knowledge\\sources\\evidence-2026-10-01\\ASEAN-2014.pdf"", ""source_pdf_page"": 66, ""source_sha256"": ""121ea627bc4250cfff208d046816abe20e1e53556ffa6f166825279e1db92c68"", ""verification_status"": ""source_compared_AI""}"
ซุปไก่สกัด,"Chicken essence, 100 ml.",อื่น ๆ,100 กรัม,100,31,7.9,0.0,0.0,0.0,ASEAN-FCD-2014-INMU:AAU57,"{""carb_definition"": ""available"", ""conversion"": ""source_values/density_to_100g"", ""density_g_per_ml"": ""1.026"", ""fiber_definition"": ""total_dietary"", ""human_review_status"": ""pending"", ""portion_basis"": ""source_weight"", ""source_basis"": ""per_100ml"", ""source_comparison"": ""pdf_text_compared"", ""source_path"": ""knowledge\\sources\\evidence-2026-10-01\\ASEAN-2014.pdf"", ""source_pdf_page"": 66, ""source_sha256"": ""121ea627bc4250cfff208d046816abe20e1e53556ffa6f166825279e1db92c68"", ""verification_status"": ""source_compared_AI""}"
ครีมเทียม,"Creamer, non-dairy Krimer, bukan tenusu",อื่น ๆ,100 กรัม,100,471,3.2,73.1,18.4,0,ASEAN-FCD-2014-INMU:MYU552,"{""carb_definition"": ""available"", ""fiber_definition"": ""total_dietary"", ""human_review_status"": ""pending"", ""portion_basis"": ""source_weight"", ""source_basis"": ""per_100g"", ""source_comparison"": ""pdf_text_compared"", ""source_path"": ""knowledge\\sources\\evidence-2026-10-01\\ASEAN-2014.pdf"", ""source_pdf_page"": 66, ""source_sha256"": ""121ea627bc4250cfff208d046816abe20e1e53556ffa6f166825279e1db92c68"", ""verification_status"": ""source_compared_AI""}"
จิ้งหรีด,Cricket,อื่น ๆ,100 กรัม,100,127,12.9,4.6,5.5,3.5,ASEAN-FCD-2014-INMU:AAU33,"{""carb_definition"": ""available"", ""fiber_definition"": ""total_dietary"", ""human_review_status"": ""pending"", ""portion_basis"": ""source_weight"", ""source_basis"": ""per_100g"", ""source_comparison"": ""pdf_text_compared"", ""source_path"": ""knowledge\\sources\\evidence-2026-10-01\\ASEAN-2014.pdf"", ""source_pdf_page"": 66, ""source_sha256"": ""121ea627bc4250cfff208d046816abe20e1e53556ffa6f166825279e1db92c68"", ""verification_status"": ""source_compared_AI""}"
แมงดานา,Giant water bug,อื่น ๆ,100 กรัม,100,174,19.8,2.8,8.3,4.3,ASEAN-FCD-2014-INMU:AAU35,"{""carb_definition"": ""available"", ""fiber_definition"": ""total_dietary"", ""human_review_status"": ""pending"", ""portion_basis"": ""source_weight"", ""source_basis"": ""per_100g"", ""source_comparison"": ""pdf_text_compared"", ""source_path"": ""knowledge\\sources\\evidence-2026-10-01\\ASEAN-2014.pdf"", ""source_pdf_page"": 66, ""source_sha256"": ""121ea627bc4250cfff208d046816abe20e1e53556ffa6f166825279e1db92c68"", ""verification_status"": ""source_compared_AI""}"
แมงกินูน,June beetle,อื่น ๆ,100 กรัม,100,88,13.4,2.9,1.4,5,ASEAN-FCD-2014-INMU:AAU24,"{""carb_definition"": ""available"", ""fiber_definition"": ""total_dietary"", ""human_review_status"": ""pending"", ""portion_basis"": ""source_weight"", ""source_basis"": ""per_100g"", ""source_comparison"": ""pdf_text_compared"", ""source_path"": ""knowledge\\sources\\evidence-2026-10-01\\ASEAN-2014.pdf"", ""source_pdf_page"": 66, ""source_sha256"": ""121ea627bc4250cfff208d046816abe20e1e53556ffa6f166825279e1db92c68"", ""verification_status"": ""source_compared_AI""}"
ตั๊กแตนใหญ่,Locust,อื่น ๆ,100 กรัม,100,97,14.3,0.6,3.3,4,ASEAN-FCD-2014-INMU:AAU37,"{""carb_definition"": ""available"", ""fiber_definition"": ""total_dietary"", ""human_review_status"": ""pending"", ""portion_basis"": ""source_weight"", ""source_basis"": ""per_100g"", ""source_comparison"": ""pdf_text_compared"", ""source_path"": ""knowledge\\sources\\evidence-2026-10-01\\ASEAN-2014.pdf"", ""source_pdf_page"": 66, ""source_sha256"": ""121ea627bc4250cfff208d046816abe20e1e53556ffa6f166825279e1db92c68"", ""verification_status"": ""source_compared_AI""}"
แมงกระชอน,Mole cricket,อื่น ๆ,100 กรัม,100,130,15.4,1.5,6.3,2.9,ASEAN-FCD-2014-INMU:AAU39,"{""carb_definition"": ""available"", ""fiber_definition"": ""total_dietary"", ""human_review_status"": ""pending"", ""portion_basis"": ""source_weight"", ""source_basis"": ""per_100g"", ""source_comparison"": ""pdf_text_compared"", ""source_path"": ""knowledge\\sources\\evidence-2026-10-01\\ASEAN-2014.pdf"", ""source_pdf_page"": 66, ""source_sha256"": ""121ea627bc4250cfff208d046816abe20e1e53556ffa6f166825279e1db92c68"", ""verification_status"": ""source_compared_AI""}"
มดแดง,Red ant,อื่น ๆ,100 กรัม,100,111,13.9,5.1,3.5,1.8,ASEAN-FCD-2014-INMU:AAU43,"{""carb_definition"": ""available"", ""fiber_definition"": ""total_dietary"", ""human_review_status"": ""pending"", ""portion_basis"": ""source_weight"", ""source_basis"": ""per_100g"", ""source_comparison"": ""pdf_text_compared"", ""source_path"": ""knowledge\\sources\\evidence-2026-10-01\\ASEAN-2014.pdf"", ""source_pdf_page"": 66, ""source_sha256"": ""121ea627bc4250cfff208d046816abe20e1e53556ffa6f166825279e1db92c68"", ""verification_status"": ""source_compared_AI""}"
ไข่มดแดง,"Red ant, egg",อื่น ๆ,100 กรัม,100,83,7,5.6,3.2,1.7,ASEAN-FCD-2014-INMU:AAU44,"{""carb_definition"": ""available"", ""fiber_definition"": ""total_dietary"", ""human_review_status"": ""pending"", ""portion_basis"": ""source_weight"", ""source_basis"": ""per_100g"", ""source_comparison"": ""pdf_text_compared"", ""source_path"": ""knowledge\\sources\\evidence-2026-10-01\\ASEAN-2014.pdf"", ""source_pdf_page"": 66, ""source_sha256"": ""121ea627bc4250cfff208d046816abe20e1e53556ffa6f166825279e1db92c68"", ""verification_status"": ""source_compared_AI""}"
ตัวเป้ง,"Red ant, young female",อื่น ๆ,100 กรัม,100,189,12.7,5.2,12.5,2.5,ASEAN-FCD-2014-INMU:AAU45,"{""carb_definition"": ""available"", ""fiber_definition"": ""total_dietary"", ""human_review_status"": ""pending"", ""portion_basis"": ""source_weight"", ""source_basis"": ""per_100g"", ""source_comparison"": ""pdf_text_compared"", ""source_path"": ""knowledge\\sources\\evidence-2026-10-01\\ASEAN-2014.pdf"", ""source_pdf_page"": 66, ""source_sha256"": ""121ea627bc4250cfff208d046816abe20e1e53556ffa6f166825279e1db92c68"", ""verification_status"": ""source_compared_AI""}"
ดักแด้ไหม,"Silk worm, pupae",อื่น ๆ,100 กรัม,100,123,12.2,1.8,7,2,ASEAN-FCD-2014-INMU:AAU48,"{""carb_definition"": ""available"", ""fiber_definition"": ""total_dietary"", ""human_review_status"": ""pending"", ""portion_basis"": ""source_weight"", ""source_basis"": ""per_100g"", ""source_comparison"": ""pdf_text_compared"", ""source_path"": ""knowledge\\sources\\evidence-2026-10-01\\ASEAN-2014.pdf"", ""source_pdf_page"": 66, ""source_sha256"": ""121ea627bc4250cfff208d046816abe20e1e53556ffa6f166825279e1db92c68"", ""verification_status"": ""source_compared_AI""}"
"สาหร่ายสไปรูไรนา, ตากแห้ง","Spirulina, dried",อื่น ๆ,100 กรัม,100,359,62.3,8,6.5,9.6,ASEAN-FCD-2014-INMU:AAU50,"{""carb_definition"": ""available"", ""fiber_definition"": ""total_dietary"", ""human_review_status"": ""pending"", ""portion_basis"": ""source_weight"", ""source_basis"": ""per_100g"", ""source_comparison"": ""pdf_text_compared"", ""source_path"": ""knowledge\\sources\\evidence-2026-10-01\\ASEAN-2014.pdf"", ""source_pdf_page"": 66, ""source_sha256"": ""121ea627bc4250cfff208d046816abe20e1e53556ffa6f166825279e1db92c68"", ""verification_status"": ""source_compared_AI""}"
"สาหร่ายสไปรูไรนา, สด","Spirulina, fresh",อื่น ๆ,100 กรัม,100,45,7.5,0,0.8,4.1,ASEAN-FCD-2014-INMU:AAU51,"{""carb_definition"": ""available"", ""fiber_definition"": ""total_dietary"", ""human_review_status"": ""pending"", ""portion_basis"": ""source_weight"", ""source_basis"": ""per_100g"", ""source_comparison"": ""pdf_text_compared"", ""source_path"": ""knowledge\\sources\\evidence-2026-10-01\\ASEAN-2014.pdf"", ""source_pdf_page"": 66, ""source_sha256"": ""121ea627bc4250cfff208d046816abe20e1e53556ffa6f166825279e1db92c68"", ""verification_status"": ""source_compared_AI""}"
แมลงตับเต่า,True water beetle,อื่น ๆ,100 กรัม,100,166,21,1.3,7.1,6.6,ASEAN-FCD-2014-INMU:AAU25,"{""carb_definition"": ""available"", ""fiber_definition"": ""total_dietary"", ""human_review_status"": ""pending"", ""portion_basis"": ""source_weight"", ""source_basis"": ""per_100g"", ""source_comparison"": ""pdf_text_compared"", ""source_path"": ""knowledge\\sources\\evidence-2026-10-01\\ASEAN-2014.pdf"", ""source_pdf_page"": 66, ""source_sha256"": ""121ea627bc4250cfff208d046816abe20e1e53556ffa6f166825279e1db92c68"", ""verification_status"": ""source_compared_AI""}"
ข้าวสวย,Cooked jasmine rice,ข้าว-แป้ง,1 หน่วยบริโภค (120 ก.),120,155,2.6,35.3,0.2,0.7,ASEAN-FCD-2014-INMU:MYA14,"{""carb_definition"": ""available"", ""fiber_definition"": ""total_dietary"", ""human_review_status"": ""pending"", ""portion_basis"": ""source_weight"", ""source_basis"": ""per_100g"", ""source_comparison"": ""pdf_text_compared"", ""source_path"": ""knowledge\\sources\\evidence-2026-10-01\\ASEAN-2014.pdf"", ""source_pdf_page"": 34, ""source_sha256"": ""121ea627bc4250cfff208d046816abe20e1e53556ffa6f166825279e1db92c68"", ""verification_status"": ""source_compared_AI""}"
"อกไก่ไม่มีหนัง, ต้ม","Chicken, broilers or fryers, breast, meat only, cooked, stewed",เนื้อสัตว์,100 กรัม,100,151,29.0,0.0,3.0,0.0,USDA-FDC-SR:171478,"{""carb_definition"": ""by_difference"", ""fiber_definition"": ""total_dietary"", ""human_review_status"": ""pending"", ""portion_basis"": ""source_weight"", ""source_basis"": ""per_100g"", ""source_comparison"": ""official_json_compared"", ""source_path"": ""knowledge\\sources\\food-audit-2026-10-02\\usda-171478.json"", ""source_pdf_page"": null, ""source_sha256"": ""20491e9b186a5381c13527c50b908c76653789ba72cff0ce73fb06925ccb7087"", ""verification_status"": ""source_compared_AI""}"
"อกไก่ไม่มีหนัง, ย่าง","Chicken, broilers or fryers, breast, skinless, boneless, meat only, cooked, grilled",เนื้อสัตว์,100 กรัม,100,151,30.5,0.0,3.2,0.0,USDA-FDC-SR:171534,"{""carb_definition"": ""by_difference"", ""fiber_definition"": ""total_dietary"", ""human_review_status"": ""pending"", ""portion_basis"": ""source_weight"", ""source_basis"": ""per_100g"", ""source_comparison"": ""official_json_compared"", ""source_path"": ""knowledge\\sources\\food-audit-2026-10-02\\usda-171534.json"", ""source_pdf_page"": null, ""source_sha256"": ""8fe790abaa26f9a7c8ad0f75b657b7b88d8ecddcc09700a6133acad59c1d1bf3"", ""verification_status"": ""source_compared_AI""}"
"สะโพกไก่ไม่มีหนัง, อบ","Chicken, broilers or fryers, thigh, meat only, cooked, roasted",เนื้อสัตว์,100 กรัม,100,179,24.8,0.0,8.2,0.0,USDA-FDC-SR:172388,"{""carb_definition"": ""by_difference"", ""fiber_definition"": ""total_dietary"", ""human_review_status"": ""pending"", ""portion_basis"": ""source_weight"", ""source_basis"": ""per_100g"", ""source_comparison"": ""official_json_compared"", ""source_path"": ""knowledge\\sources\\food-audit-2026-10-02\\usda-172388.json"", ""source_pdf_page"": null, ""source_sha256"": ""3c997a93145770cf7a9bd327c1eff5e3fc7cef052dfc25ac60aabbefda1f2190"", ""verification_status"": ""source_compared_AI""}"
หมูสามชั้นต้ม,"Pork, belly, boiled",เนื้อสัตว์,100 กรัม,100,428,21.1,0.0,38.2,0.0,ThaiFCD-Online-v3:F70,"{""carb_definition"": ""available"", ""fiber_definition"": ""total_dietary"", ""human_review_status"": ""pending"", ""portion_basis"": ""source_weight"", ""source_basis"": ""per_100g"", ""source_comparison"": ""official_html_compared"", ""source_path"": ""knowledge\\sources\\food-audit-2026-10-02\\THAIFCD-F70-974.html"", ""source_pdf_page"": null, ""source_sha256"": ""1eb2f9b376ceca7fa528a517487590abc42379402d34757d1e6fb92ead5f2c95"", ""verification_status"": ""source_compared_AI""}"
เนื้อวัวสะโพกต้ม,"Beef, round, boiled",เนื้อสัตว์,100 กรัม,100,160,34.4,0.0,2.5,0.0,ThaiFCD-Online-v3:F122,"{""carb_definition"": ""available"", ""fiber_definition"": ""total_dietary"", ""human_review_status"": ""pending"", ""portion_basis"": ""source_weight"", ""source_basis"": ""per_100g"", ""source_comparison"": ""official_html_compared"", ""source_path"": ""knowledge\\sources\\food-audit-2026-10-02\\THAIFCD-F122-942.html"", ""source_pdf_page"": null, ""source_sha256"": ""7ef8ae7c935f80084fef0c47d01371798bd93d73347c0169b98e716cd11155cc"", ""verification_status"": ""source_compared_AI""}"
"ปลาแซลมอนแอตแลนติก (เลี้ยง), อบ","Fish, salmon, Atlantic, farmed, cooked, dry heat",ปลาและอาหารทะเล,100 กรัม,100,206,22.1,0.0,12.4,0.0,USDA-FDC-SR:175168,"{""carb_definition"": ""by_difference"", ""fiber_definition"": ""total_dietary"", ""human_review_status"": ""pending"", ""portion_basis"": ""source_weight"", ""source_basis"": ""per_100g"", ""source_comparison"": ""official_json_compared"", ""source_path"": ""knowledge\\sources\\food-audit-2026-10-02\\usda-175168.json"", ""source_pdf_page"": null, ""source_sha256"": ""9879e80ebeef092d5021e3f5daa7f6182ce21a98db1c728f00c575c31a53bf99"", ""verification_status"": ""source_compared_AI""}"
กุ้งต้ม,Boiled shrimp,เนื้อสัตว์,100 กรัม,100,104,22.3,1.2,1.1,0.0,ThaiFCD-Online-v3:G205,"{""carb_definition"": ""available"", ""fiber_definition"": ""total_dietary"", ""human_review_status"": ""pending"", ""portion_basis"": ""source_weight"", ""source_basis"": ""per_100g"", ""source_comparison"": ""official_html_compared"", ""source_path"": ""knowledge\\sources\\food-audit-2026-10-02\\THAIFCD-G205-1049.html"", ""source_pdf_page"": null, ""source_sha256"": ""1acf1ad919735e733c0a3595ea8831e22b940204e185c1cae5f9db9bf7b49825"", ""verification_status"": ""source_compared_AI""}"
ไข่ไก่ต้ม,"Egg, hen, whole, boiled",ไข่-นม,1 ฟอง,50,76,6.7,0.6,5.2,0.0,ASEAN-FCD-2014-INMU:AAH15,"{""carb_definition"": ""available"", ""fiber_definition"": ""total_dietary"", ""human_review_status"": ""pending"", ""portion_basis"": ""source_weight"", ""source_basis"": ""per_100g"", ""source_comparison"": ""AI_visual_and_text_compared"", ""source_path"": ""knowledge\\sources\\evidence-2026-10-01\\ASEAN-2014.pdf"", ""source_pdf_page"": 56, ""source_sha256"": ""121ea627bc4250cfff208d046816abe20e1e53556ffa6f166825279e1db92c68"", ""verification_status"": ""source_compared_AI""}"
ไข่ขาวสุก ไม่เติมไขมัน,"Egg, white, cooked, no added fat",ไข่-นม,ไข่ขาว 1 ฟอง,33,17,3.5,0.8,0.0,0.0,USDA-FDC-FNDDS:2707170,"{""carb_definition"": ""by_difference"", ""fiber_definition"": ""total_dietary"", ""human_review_status"": ""pending"", ""portion_basis"": ""source_weight"", ""preparation_scope"": ""cooked_no_added_fat_not_specifically_boiled"", ""replaces_source"": ""ASEAN-FCD-2014-INMU:AAH14"", ""source_basis"": ""per_100g"", ""source_comparison"": ""official_json_compared"", ""source_data_type"": ""Survey (FNDDS)"", ""source_path"": ""knowledge/sources/residuals-2026-10-03/usda-2707170.json"", ""source_pdf_page"": null, ""source_publication_date"": ""10/31/2024"", ""source_sha256"": ""3239ecc2287a0cbc2e10c8e336648589aac83b131faf0ca1bd7700db0f8d8109"", ""source_url"": ""https://fdc.nal.usda.gov/food-details/2707170/nutrients"", ""verification_status"": ""source_compared_AI""}"
ไข่ดาว,"Egg, whole, cooked, fried",ไข่-นม,1 ฟอง (46 กรัม),46,90,6.3,0.4,6.8,0.0,USDA-FDC-SR:173423,"{""carb_definition"": ""by_difference"", ""fiber_definition"": ""total_dietary"", ""human_review_status"": ""pending"", ""portion_basis"": ""source_weight"", ""source_basis"": ""per_100g"", ""source_comparison"": ""official_json_compared"", ""source_path"": ""knowledge\\sources\\food-audit-2026-10-02\\usda-173423.json"", ""source_pdf_page"": null, ""source_sha256"": ""b83f5194f4f39ccfc88cca0bcfcfa801e7638cd47053ed8100b4b470de68706c"", ""verification_status"": ""source_compared_AI""}"
นมจืดพร่องมันเนย,Low-fat milk,ไข่-นม,1 หน่วยบริโภค (200 มล.),200,88,6.8,8.2,3.2,0.0,DOH-NSS-2018:09024,"{""carb_definition"": ""available"", ""fiber_definition"": ""total_dietary"", ""human_review_status"": ""pending"", ""portion_basis"": ""source_weight"", ""source_basis"": ""per_100g"", ""source_comparison"": ""pdf_AI_visual_transcription_compared"", ""source_path"": ""knowledge\\sources\\evidence-2026-10-01\\DOH-NSS-2018.pdf"", ""source_pdf_page"": 82, ""source_sha256"": ""df40d79422d53bd6ce4392bfb3d6f9c755135eae6c8a1beedf0b10ef2176a7d1"", ""verification_status"": ""source_compared_AI"", ""volume_mass_assumed"": true}"
โยเกิร์ตรสธรรมชาติ,Plain yogurt,ไข่-นม,1 ถ้วย,150,161,5.7,20.9,6.0,0.0,DOH-NSS-2018:09035,"{""carb_definition"": ""available"", ""fiber_definition"": ""total_dietary"", ""human_review_status"": ""pending"", ""portion_basis"": ""project_estimate"", ""source_basis"": ""per_100g"", ""source_comparison"": ""pdf_AI_visual_transcription_compared"", ""source_path"": ""knowledge\\sources\\evidence-2026-10-01\\DOH-NSS-2018.pdf"", ""source_pdf_page"": 83, ""source_sha256"": ""df40d79422d53bd6ce4392bfb3d6f9c755135eae6c8a1beedf0b10ef2176a7d1"", ""verification_status"": ""source_compared_AI""}"
เต้าหู้ขาวแข็ง,Firm tofu,โปรตีนพืช,100 กรัม,100,126,12.9,0.0,7.2,4.8,ThaiFCD-Online-v3:C48,"{""carb_definition"": ""available"", ""fiber_definition"": ""total_dietary"", ""human_review_status"": ""pending"", ""portion_basis"": ""source_weight"", ""source_basis"": ""per_100g"", ""source_comparison"": ""official_html_compared"", ""source_path"": ""knowledge\\sources\\food-audit-2026-10-02\\THAIFCD-C48-373.html"", ""source_pdf_page"": null, ""source_sha256"": ""22eae47f13885b89a25efa20629e8f19dce98641f536e18ee40369fbae32f680"", ""verification_status"": ""source_compared_AI""}"
ถั่วเหลืองต้ม,Boiled soybeans,โปรตีนพืช,100 กรัม,100,175,14.8,2.7,9.9,8.3,ThaiFCD-Online-v3:C110,"{""carb_definition"": ""available"", ""fiber_definition"": ""total_dietary"", ""human_review_status"": ""pending"", ""portion_basis"": ""source_weight"", ""source_basis"": ""per_100g"", ""source_comparison"": ""official_html_compared"", ""source_path"": ""knowledge\\sources\\food-audit-2026-10-02\\THAIFCD-C110-352.html"", ""source_pdf_page"": null, ""source_sha256"": ""e702ddd67fd41b0f32da3e05e67eff2f5d8cb5c7bd23c8cce7e79eedb0fa7be9"", ""verification_status"": ""source_compared_AI""}"
เวย์โปรตีน (ผงชงดื่ม),"Beverages, Protein powder whey based",อาหารเสริม,1 สกู๊ป (32 กรัม),32,113,25.0,2.0,0.5,1.0,USDA-FDC-SR:173180,"{""carb_definition"": ""by_difference"", ""fiber_definition"": ""total_dietary"", ""human_review_status"": ""pending"", ""portion_basis"": ""source_weight"", ""source_basis"": ""per_100g"", ""source_comparison"": ""official_json_compared"", ""source_path"": ""knowledge\\sources\\food-audit-2026-10-02\\usda-173180.json"", ""source_pdf_page"": null, ""source_sha256"": ""305d00de922703dae036de35aa9e7b4028ccec6a3e78b29755f34a4588ac0224"", ""verification_status"": ""source_compared_AI""}"
ข้าวมันไก่,Chicken rice,จานเดียว,1 จาน,320,701,17.2,89.6,30.4,,DOH-NSS-2018:11045,"{""carb_definition"": ""total"", ""fiber_definition"": ""unknown"", ""human_review_status"": ""pending"", ""portion_basis"": ""project_estimate"", ""source_basis"": ""per_100g"", ""source_comparison"": ""pdf_AI_visual_transcription_compared"", ""source_path"": ""knowledge\\sources\\evidence-2026-10-01\\DOH-NSS-2018.pdf"", ""source_pdf_page"": 94, ""source_sha256"": ""df40d79422d53bd6ce4392bfb3d6f9c755135eae6c8a1beedf0b10ef2176a7d1"", ""verification_status"": ""source_compared_AI""}"
ข้าวผัดหมู,"Fried rice with pork, vegetable and egg",จานเดียว,1 จาน,320,579,19.2,66.5,26.2,,DOH-NSS-2018:11044,"{""carb_definition"": ""total"", ""fiber_definition"": ""unknown"", ""human_review_status"": ""pending"", ""portion_basis"": ""project_estimate"", ""reported_crude_fiber_g"": ""0.6"", ""source_basis"": ""per_100g"", ""source_comparison"": ""pdf_AI_visual_transcription_compared"", ""source_fiber_definition"": ""crude"", ""source_path"": ""knowledge\\sources\\evidence-2026-10-01\\DOH-NSS-2018.pdf"", ""source_pdf_page"": 94, ""source_sha256"": ""df40d79422d53bd6ce4392bfb3d6f9c755135eae6c8a1beedf0b10ef2176a7d1"", ""verification_status"": ""source_compared_AI""}"
ข้าวกะเพราไก่,Basil chicken rice,จานเดียว,1 จาน,320,557,28.6,71.0,17.5,,DOH-NSS-2018:11063,"{""carb_definition"": ""total"", ""fiber_definition"": ""unknown"", ""human_review_status"": ""pending"", ""portion_basis"": ""project_estimate"", ""source_basis"": ""per_100g"", ""source_comparison"": ""pdf_AI_visual_transcription_compared"", ""source_path"": ""knowledge\\sources\\evidence-2026-10-01\\DOH-NSS-2018.pdf"", ""source_pdf_page"": 95, ""source_sha256"": ""df40d79422d53bd6ce4392bfb3d6f9c755135eae6c8a1beedf0b10ef2176a7d1"", ""verification_status"": ""source_compared_AI""}"
"ก๋วยเตี๋ยวผัดไทย, ใส่ไข่","Rice noodles, fried, Thai style, with egg",จานเดียว,1 จาน,320,765,24.6,77.8,39.4,,DOH-NSS-2018:11007,"{""carb_definition"": ""total"", ""fiber_definition"": ""unknown"", ""human_review_status"": ""pending"", ""portion_basis"": ""project_estimate"", ""reported_crude_fiber_g"": ""1.9"", ""source_basis"": ""per_100g"", ""source_comparison"": ""pdf_AI_visual_transcription_compared"", ""source_fiber_definition"": ""crude"", ""source_path"": ""knowledge\\sources\\evidence-2026-10-01\\DOH-NSS-2018.pdf"", ""source_pdf_page"": 90, ""source_sha256"": ""df40d79422d53bd6ce4392bfb3d6f9c755135eae6c8a1beedf0b10ef2176a7d1"", ""verification_status"": ""source_compared_AI""}"
ส้มตำปู-กุ้ง,Papaya salad with crab and dried shrimp,กับข้าว,1 จาน,200,170,7.4,25.6,4.2,,DOH-NSS-2018:11090,"{""carb_definition"": ""total"", ""fiber_definition"": ""unknown"", ""human_review_status"": ""pending"", ""portion_basis"": ""project_estimate"", ""reported_crude_fiber_g"": ""3.2"", ""source_basis"": ""per_100g"", ""source_comparison"": ""pdf_AI_visual_transcription_compared"", ""source_fiber_definition"": ""crude"", ""source_path"": ""knowledge\\sources\\evidence-2026-10-01\\DOH-NSS-2018.pdf"", ""source_pdf_page"": 97, ""source_sha256"": ""df40d79422d53bd6ce4392bfb3d6f9c755135eae6c8a1beedf0b10ef2176a7d1"", ""verification_status"": ""source_compared_AI""}"
ต้มยำกุ้ง,Tom yum goong,กับข้าว,1 ถ้วย,200,88,9.3,5.7,2.9,1.4,ThaiFCD-Online-v3:T212,"{""carb_definition"": ""available"", ""fiber_definition"": ""total_dietary"", ""human_review_status"": ""pending"", ""portion_basis"": ""project_estimate"", ""source_basis"": ""per_100g"", ""source_comparison"": ""saved_official_html_compared"", ""source_path"": ""knowledge\\sources\\evidence-2026-10-01\\THAIFCD-T212.html"", ""source_pdf_page"": null, ""source_sha256"": ""5badd6e995c0442a07e2ceaeb6e3520fbe751ca93e284153a966a954bd4c362e"", ""verification_status"": ""source_compared_AI""}"
ลาบคั่วหมู,Spicy roasted minced pork salad,กับข้าว,1 จาน,200,350,26.0,3.7,24.3,6.4,DOH-NSS-2018:11184,"{""carb_definition"": ""available"", ""fiber_definition"": ""total_dietary"", ""human_review_status"": ""pending"", ""portion_basis"": ""project_estimate"", ""source_basis"": ""per_100g"", ""source_comparison"": ""pdf_AI_visual_transcription_compared"", ""source_path"": ""knowledge\\sources\\evidence-2026-10-01\\DOH-NSS-2018.pdf"", ""source_pdf_page"": 105, ""source_sha256"": ""df40d79422d53bd6ce4392bfb3d6f9c755135eae6c8a1beedf0b10ef2176a7d1"", ""verification_status"": ""source_compared_AI""}"
ไก่ทอดกระเทียมพริกไทย,Fried chicken with garlic and pepper,กับข้าว,100 กรัม,100,186,18.4,5.7,10.0,,DOH-NSS-2018:11102,"{""carb_definition"": ""total"", ""fiber_definition"": ""unknown"", ""human_review_status"": ""pending"", ""portion_basis"": ""source_weight"", ""source_basis"": ""per_100g"", ""source_comparison"": ""pdf_AI_visual_transcription_compared"", ""source_path"": ""knowledge\\sources\\evidence-2026-10-01\\DOH-NSS-2018.pdf"", ""source_pdf_page"": 98, ""source_sha256"": ""df40d79422d53bd6ce4392bfb3d6f9c755135eae6c8a1beedf0b10ef2176a7d1"", ""verification_status"": ""source_compared_AI""}"
แกงเขียวหวานไก่,Green curry with chicken,กับข้าว,1 ถ้วย,200,202,15.8,6.1,12.1,2.8,ThaiFCD-Online-v3:T184,"{""carb_definition"": ""available"", ""fiber_definition"": ""total_dietary"", ""human_review_status"": ""pending"", ""portion_basis"": ""project_estimate"", ""source_basis"": ""per_100g"", ""source_comparison"": ""saved_official_html_compared"", ""source_path"": ""knowledge\\sources\\evidence-2026-10-01\\THAIFCD-T184.html"", ""source_pdf_page"": null, ""source_sha256"": ""4b4448853bacbf97014f1a2ccaa001f2745e3b00ead8c39dee00cf9af8a553b0"", ""verification_status"": ""source_compared_AI""}"
ข้าวราดผัดผักรวม,Rice topped with stir-fried mixed vegetables,จานเดียว,1 จาน,320,378,10.0,69.2,6.7,,DOH-NSS-2018:11071,"{""carb_definition"": ""total"", ""fiber_definition"": ""unknown"", ""human_review_status"": ""pending"", ""portion_basis"": ""project_estimate"", ""source_basis"": ""per_100g"", ""source_comparison"": ""pdf_AI_visual_transcription_compared"", ""source_path"": ""knowledge\\sources\\evidence-2026-10-01\\DOH-NSS-2018.pdf"", ""source_pdf_page"": 96, ""source_sha256"": ""df40d79422d53bd6ce4392bfb3d6f9c755135eae6c8a1beedf0b10ef2176a7d1"", ""verification_status"": ""source_compared_AI""}"
กล้วยน้ำว้าสุก,Ripe cultivated banana (Kluai Nam-wa),ผลไม้,1 หน่วยบริโภค (140 ก.),140,165,1.1,38.1,0.2,3.4,ThaiFCD-Online-v3:E3,"{""carb_definition"": ""available"", ""fiber_definition"": ""total_dietary"", ""human_review_status"": ""pending"", ""portion_basis"": ""source_weight"", ""source_basis"": ""per_100g"", ""source_comparison"": ""official_html_compared"", ""source_path"": ""knowledge\\sources\\food-audit-2026-10-02\\THAIFCD-E3-696.html"", ""source_pdf_page"": null, ""source_sha256"": ""387f5a2bf69e600433b876b8c1dbc64e155884f654e2945c34ebd789d60f64a9"", ""verification_status"": ""source_compared_AI""}"
มะละกอสุก,Ripe papaya,ผลไม้,1 หน่วยบริโภค (140 ก.),140,56,1.3,11.3,0.1,1.8,ASEAN-FCD-2014-INMU:AAE83,"{""carb_definition"": ""available"", ""fiber_definition"": ""total_dietary"", ""human_review_status"": ""pending"", ""portion_basis"": ""source_weight"", ""source_basis"": ""per_100g"", ""source_comparison"": ""pdf_text_compared"", ""source_path"": ""knowledge\\sources\\evidence-2026-10-01\\ASEAN-2014.pdf"", ""source_pdf_page"": 46, ""source_sha256"": ""121ea627bc4250cfff208d046816abe20e1e53556ffa6f166825279e1db92c68"", ""verification_status"": ""source_compared_AI""}"
"ก๋วยเตี๋ยวเส้นใหญ่, ผัดซีอิ๊ว","Rice noodles, big size with pork, egg and soysauce, fried",จานเดียว,1 จาน,320,634,16.0,81.9,26.8,,DOH-NSS-2018:11026,"{""carb_definition"": ""total"", ""fiber_definition"": ""unknown"", ""human_review_status"": ""pending"", ""portion_basis"": ""project_estimate"", ""source_basis"": ""per_100g"", ""source_comparison"": ""pdf_AI_visual_transcription_compared"", ""source_path"": ""knowledge\\sources\\evidence-2026-10-01\\DOH-NSS-2018.pdf"", ""source_pdf_page"": 92, ""source_sha256"": ""df40d79422d53bd6ce4392bfb3d6f9c755135eae6c8a1beedf0b10ef2176a7d1"", ""verification_status"": ""source_compared_AI""}"
"ก๋วยเตี๋ยวเส้นใหญ่, ผัดซีอิ๊ว, ใส่ไข่","Rice noodles, big size with pork, egg and soysauce, fried, with egg",จานเดียว,1 จาน,320,624,20.2,66.2,31.0,,DOH-NSS-2018:11027,"{""carb_definition"": ""total"", ""fiber_definition"": ""unknown"", ""human_review_status"": ""pending"", ""portion_basis"": ""project_estimate"", ""reported_crude_fiber_g"": ""1.0"", ""source_basis"": ""per_100g"", ""source_comparison"": ""pdf_AI_visual_transcription_compared"", ""source_fiber_definition"": ""crude"", ""source_path"": ""knowledge\\sources\\evidence-2026-10-01\\DOH-NSS-2018.pdf"", ""source_pdf_page"": 92, ""source_sha256"": ""df40d79422d53bd6ce4392bfb3d6f9c755135eae6c8a1beedf0b10ef2176a7d1"", ""verification_status"": ""source_compared_AI""}"
"ก๋วยเตี๋ยวเส้นใหญ่, ราดหน้า, หมู","Rice noodles, big size topped with pork, chinese kale and gravy",จานเดียว,1 จาน,320,358,10.5,42.5,16.4,,DOH-NSS-2018:11031,"{""carb_definition"": ""total"", ""fiber_definition"": ""unknown"", ""human_review_status"": ""pending"", ""portion_basis"": ""project_estimate"", ""reported_crude_fiber_g"": ""0.3"", ""source_basis"": ""per_100g"", ""source_comparison"": ""pdf_AI_visual_transcription_compared"", ""source_fiber_definition"": ""crude"", ""source_path"": ""knowledge\\sources\\evidence-2026-10-01\\DOH-NSS-2018.pdf"", ""source_pdf_page"": 92, ""source_sha256"": ""df40d79422d53bd6ce4392bfb3d6f9c755135eae6c8a1beedf0b10ef2176a7d1"", ""verification_status"": ""source_compared_AI""}"
"ก๋วยเตี๋ยวเส้นเล็ก, หมู, แห้ง","Rice noodles, small size with pork, without soup",จานเดียว,1 จาน,320,867,29.2,101.9,38.0,,DOH-NSS-2018:11017,"{""carb_definition"": ""total"", ""fiber_definition"": ""unknown"", ""human_review_status"": ""pending"", ""portion_basis"": ""project_estimate"", ""source_basis"": ""per_100g"", ""source_comparison"": ""pdf_AI_visual_transcription_compared"", ""source_path"": ""knowledge\\sources\\evidence-2026-10-01\\DOH-NSS-2018.pdf"", ""source_pdf_page"": 91, ""source_sha256"": ""df40d79422d53bd6ce4392bfb3d6f9c755135eae6c8a1beedf0b10ef2176a7d1"", ""verification_status"": ""source_compared_AI""}"
ข้าวคลุกกะปิ,"Rice with shrimp paste, ground shrimp, pork, omelet",จานเดียว,1 จาน,320,611,21.2,80.7,22.8,,DOH-NSS-2018:11043,"{""carb_definition"": ""total"", ""fiber_definition"": ""unknown"", ""human_review_status"": ""pending"", ""portion_basis"": ""project_estimate"", ""reported_crude_fiber_g"": ""0.6"", ""source_basis"": ""per_100g"", ""source_comparison"": ""pdf_AI_visual_transcription_compared"", ""source_fiber_definition"": ""crude"", ""source_path"": ""knowledge\\sources\\evidence-2026-10-01\\DOH-NSS-2018.pdf"", ""source_pdf_page"": 93, ""source_sha256"": ""df40d79422d53bd6ce4392bfb3d6f9c755135eae6c8a1beedf0b10ef2176a7d1"", ""verification_status"": ""source_compared_AI""}"
ข้าวราดแกงเขียวหวานไก่,Rice topped with chicken green curry,จานเดียว,1 จาน,320,426,16.7,61.6,12.5,,DOH-NSS-2018:11047,"{""carb_definition"": ""total"", ""fiber_definition"": ""unknown"", ""human_review_status"": ""pending"", ""portion_basis"": ""project_estimate"", ""reported_crude_fiber_g"": ""1.3"", ""source_basis"": ""per_100g"", ""source_comparison"": ""pdf_AI_visual_transcription_compared"", ""source_fiber_definition"": ""crude"", ""source_path"": ""knowledge\\sources\\evidence-2026-10-01\\DOH-NSS-2018.pdf"", ""source_pdf_page"": 94, ""source_sha256"": ""df40d79422d53bd6ce4392bfb3d6f9c755135eae6c8a1beedf0b10ef2176a7d1"", ""verification_status"": ""source_compared_AI""}"
ข้าวราดแกงพะแนงหมู,"Rice topped with curry, pork (Pha-naeng)",จานเดียว,1 จาน,320,435,23.3,66.7,8.5,,DOH-NSS-2018:11052,"{""carb_definition"": ""total"", ""fiber_definition"": ""unknown"", ""human_review_status"": ""pending"", ""portion_basis"": ""project_estimate"", ""source_basis"": ""per_100g"", ""source_comparison"": ""pdf_AI_visual_transcription_compared"", ""source_path"": ""knowledge\\sources\\evidence-2026-10-01\\DOH-NSS-2018.pdf"", ""source_pdf_page"": 94, ""source_sha256"": ""df40d79422d53bd6ce4392bfb3d6f9c755135eae6c8a1beedf0b10ef2176a7d1"", ""verification_status"": ""source_compared_AI""}"
ข้าวราดแกงมัสมั่นไก่,"Rice topped with curry, matsaman, chicken",จานเดียว,1 จาน,320,442,14.1,59.2,16.3,,DOH-NSS-2018:11053,"{""carb_definition"": ""total"", ""fiber_definition"": ""unknown"", ""human_review_status"": ""pending"", ""portion_basis"": ""project_estimate"", ""source_basis"": ""per_100g"", ""source_comparison"": ""pdf_AI_visual_transcription_compared"", ""source_path"": ""knowledge\\sources\\evidence-2026-10-01\\DOH-NSS-2018.pdf"", ""source_pdf_page"": 94, ""source_sha256"": ""df40d79422d53bd6ce4392bfb3d6f9c755135eae6c8a1beedf0b10ef2176a7d1"", ""verification_status"": ""source_compared_AI""}"
ข้าวราดแกงส้มผักรวม,"Rice topped with tamarind flavor soup, mixed vegetables",จานเดียว,1 จาน,320,272,9.3,56.9,0.7,,DOH-NSS-2018:11055,"{""carb_definition"": ""total"", ""fiber_definition"": ""unknown"", ""human_review_status"": ""pending"", ""portion_basis"": ""project_estimate"", ""source_basis"": ""per_100g"", ""source_comparison"": ""pdf_AI_visual_transcription_compared"", ""source_path"": ""knowledge\\sources\\evidence-2026-10-01\\DOH-NSS-2018.pdf"", ""source_pdf_page"": 94, ""source_sha256"": ""df40d79422d53bd6ce4392bfb3d6f9c755135eae6c8a1beedf0b10ef2176a7d1"", ""verification_status"": ""source_compared_AI""}"
ข้าวราดไข่เจียวหมูสับ,Rice topped with minced pork omelet,จานเดียว,1 จาน,320,755,26.1,51.0,49.8,,DOH-NSS-2018:11058,"{""carb_definition"": ""total"", ""fiber_definition"": ""unknown"", ""human_review_status"": ""pending"", ""portion_basis"": ""project_estimate"", ""source_basis"": ""per_100g"", ""source_comparison"": ""pdf_AI_visual_transcription_compared"", ""source_path"": ""knowledge\\sources\\evidence-2026-10-01\\DOH-NSS-2018.pdf"", ""source_pdf_page"": 95, ""source_sha256"": ""df40d79422d53bd6ce4392bfb3d6f9c755135eae6c8a1beedf0b10ef2176a7d1"", ""verification_status"": ""source_compared_AI""}"
ข้าวราดต้มพะโล้,Rice topped with pork and egg in five spices soup,จานเดียว,1 จาน,320,506,23.8,62.8,17.8,,DOH-NSS-2018:11061,"{""carb_definition"": ""total"", ""fiber_definition"": ""unknown"", ""human_review_status"": ""pending"", ""portion_basis"": ""project_estimate"", ""source_basis"": ""per_100g"", ""source_comparison"": ""pdf_AI_visual_transcription_compared"", ""source_path"": ""knowledge\\sources\\evidence-2026-10-01\\DOH-NSS-2018.pdf"", ""source_pdf_page"": 95, ""source_sha256"": ""df40d79422d53bd6ce4392bfb3d6f9c755135eae6c8a1beedf0b10ef2176a7d1"", ""verification_status"": ""source_compared_AI""}"
ข้าวราดผัดคะน้าหมูกรอบ,Rice topped with stir-fried crispy pork and kale,จานเดียว,1 จาน,320,528,17.6,65.0,21.9,,DOH-NSS-2018:11065,"{""carb_definition"": ""total"", ""fiber_definition"": ""unknown"", ""human_review_status"": ""pending"", ""portion_basis"": ""project_estimate"", ""source_basis"": ""per_100g"", ""source_comparison"": ""pdf_AI_visual_transcription_compared"", ""source_path"": ""knowledge\\sources\\evidence-2026-10-01\\DOH-NSS-2018.pdf"", ""source_pdf_page"": 95, ""source_sha256"": ""df40d79422d53bd6ce4392bfb3d6f9c755135eae6c8a1beedf0b10ef2176a7d1"", ""verification_status"": ""source_compared_AI""}"
ข้าวราดหมูทอดกระเทียมพริกไทย,"Rice topped with fried pork, garlic and pepper",จานเดียว,1 จาน,320,618,19.5,99.7,15.7,,DOH-NSS-2018:11084,"{""carb_definition"": ""total"", ""fiber_definition"": ""unknown"", ""human_review_status"": ""pending"", ""portion_basis"": ""project_estimate"", ""source_basis"": ""per_100g"", ""source_comparison"": ""pdf_AI_visual_transcription_compared"", ""source_path"": ""knowledge\\sources\\evidence-2026-10-01\\DOH-NSS-2018.pdf"", ""source_pdf_page"": 97, ""source_sha256"": ""df40d79422d53bd6ce4392bfb3d6f9c755135eae6c8a1beedf0b10ef2176a7d1"", ""verification_status"": ""source_compared_AI""}"
ข้าวหมูแดง,Rice with roasted (red) pork and gravy,จานเดียว,1 จาน,320,541,19.8,75.2,17.9,,DOH-NSS-2018:11087,"{""carb_definition"": ""total"", ""fiber_definition"": ""unknown"", ""human_review_status"": ""pending"", ""portion_basis"": ""project_estimate"", ""reported_crude_fiber_g"": ""0.6"", ""source_basis"": ""per_100g"", ""source_comparison"": ""pdf_AI_visual_transcription_compared"", ""source_fiber_definition"": ""crude"", ""source_path"": ""knowledge\\sources\\evidence-2026-10-01\\DOH-NSS-2018.pdf"", ""source_pdf_page"": 97, ""source_sha256"": ""df40d79422d53bd6ce4392bfb3d6f9c755135eae6c8a1beedf0b10ef2176a7d1"", ""verification_status"": ""source_compared_AI""}"
"ข้าวซอย, ไก่",Noodle with chicken curry,จานเดียว,1 จาน,320,483,18.7,23.6,33.8,5.1,DOH-NSS-2018:11182,"{""carb_definition"": ""available"", ""fiber_definition"": ""total_dietary"", ""human_review_status"": ""pending"", ""portion_basis"": ""project_estimate"", ""source_basis"": ""per_100g"", ""source_comparison"": ""pdf_AI_visual_transcription_compared"", ""source_path"": ""knowledge\\sources\\evidence-2026-10-01\\DOH-NSS-2018.pdf"", ""source_pdf_page"": 105, ""source_sha256"": ""df40d79422d53bd6ce4392bfb3d6f9c755135eae6c8a1beedf0b10ef2176a7d1"", ""verification_status"": ""source_compared_AI""}"
"สุกี้, ไก่, น้ำ","Suki with chicken, vegetables and soup",จานเดียว,1 ถ้วย,200,94,7.5,11.0,2.2,,DOH-NSS-2018:11091,"{""carb_definition"": ""total"", ""fiber_definition"": ""unknown"", ""human_review_status"": ""pending"", ""portion_basis"": ""project_estimate"", ""source_basis"": ""per_100g"", ""source_comparison"": ""pdf_AI_visual_transcription_compared"", ""source_path"": ""knowledge\\sources\\evidence-2026-10-01\\DOH-NSS-2018.pdf"", ""source_pdf_page"": 97, ""source_sha256"": ""df40d79422d53bd6ce4392bfb3d6f9c755135eae6c8a1beedf0b10ef2176a7d1"", ""verification_status"": ""source_compared_AI""}"
"สุกี้, รวมมิตร, แห้ง","Suki with meat, seafood and vegetables, stir-fried",จานเดียว,1 ถ้วย,200,208,11.4,20.5,8.9,,DOH-NSS-2018:11093,"{""carb_definition"": ""total"", ""fiber_definition"": ""unknown"", ""human_review_status"": ""pending"", ""portion_basis"": ""project_estimate"", ""source_basis"": ""per_100g"", ""source_comparison"": ""pdf_AI_visual_transcription_compared"", ""source_path"": ""knowledge\\sources\\evidence-2026-10-01\\DOH-NSS-2018.pdf"", ""source_pdf_page"": 98, ""source_sha256"": ""df40d79422d53bd6ce4392bfb3d6f9c755135eae6c8a1beedf0b10ef2176a7d1"", ""verification_status"": ""source_compared_AI""}"
พะแนงหมู,"Pork, curry (Pha-naeng)",กับข้าว,1 ถ้วย,200,316,24.5,13.4,18.3,,DOH-NSS-2018:11127,"{""carb_definition"": ""total"", ""fiber_definition"": ""unknown"", ""human_review_status"": ""pending"", ""portion_basis"": ""project_estimate"", ""source_basis"": ""per_100g"", ""source_comparison"": ""pdf_AI_visual_transcription_compared"", ""source_path"": ""knowledge\\sources\\evidence-2026-10-01\\DOH-NSS-2018.pdf"", ""source_pdf_page"": 100, ""source_sha256"": ""df40d79422d53bd6ce4392bfb3d6f9c755135eae6c8a1beedf0b10ef2176a7d1"", ""verification_status"": ""source_compared_AI""}"
หมูทอดกระเทียมพริกไทย,Fried pork with garlic and pepper,กับข้าว,100 กรัม,100,241,18.7,5.5,16.0,,DOH-NSS-2018:11130,"{""carb_definition"": ""total"", ""fiber_definition"": ""unknown"", ""human_review_status"": ""pending"", ""portion_basis"": ""source_weight"", ""source_basis"": ""per_100g"", ""source_comparison"": ""pdf_AI_visual_transcription_compared"", ""source_path"": ""knowledge\\sources\\evidence-2026-10-01\\DOH-NSS-2018.pdf"", ""source_pdf_page"": 100, ""source_sha256"": ""df40d79422d53bd6ce4392bfb3d6f9c755135eae6c8a1beedf0b10ef2176a7d1"", ""verification_status"": ""source_compared_AI""}"
"ปลาทูน่า, สเต็กในน้ำเกลือ","Tuna steak, canned in brine",ปลาและอาหารทะเล,100 กรัม,100,117,25.9,0.0,1.5,,DOH-NSS-2018:11122,"{""carb_definition"": ""total"", ""fiber_definition"": ""unknown"", ""human_review_status"": ""pending"", ""portion_basis"": ""source_weight"", ""source_basis"": ""per_100g"", ""source_comparison"": ""pdf_AI_visual_transcription_compared"", ""source_path"": ""knowledge\\sources\\evidence-2026-10-01\\DOH-NSS-2018.pdf"", ""source_pdf_page"": 100, ""source_sha256"": ""df40d79422d53bd6ce4392bfb3d6f9c755135eae6c8a1beedf0b10ef2176a7d1"", ""verification_status"": ""source_compared_AI""}"
"ปลาทูน่าเนื้อขาว, ชนิดก้อน, ในน้ำแร่","White tuna, canned in water",ปลาและอาหารทะเล,100 กรัม,100,115,27.9,0.0,0.4,,DOH-NSS-2018:11117,"{""carb_definition"": ""total"", ""fiber_definition"": ""unknown"", ""human_review_status"": ""pending"", ""portion_basis"": ""source_weight"", ""source_basis"": ""per_100g"", ""source_comparison"": ""pdf_AI_visual_transcription_compared"", ""source_path"": ""knowledge\\sources\\evidence-2026-10-01\\DOH-NSS-2018.pdf"", ""source_pdf_page"": 99, ""source_sha256"": ""df40d79422d53bd6ce4392bfb3d6f9c755135eae6c8a1beedf0b10ef2176a7d1"", ""verification_status"": ""source_compared_AI""}"
โจ๊กหมู,Porridge rice with minced pork,จานเดียว,1 ถ้วย,200,114,3.1,13.7,5.3,0.0,ThaiFCD-Online-v3:T68,"{""carb_definition"": ""available"", ""fiber_definition"": ""total_dietary"", ""human_review_status"": ""pending"", ""portion_basis"": ""project_estimate"", ""source_basis"": ""per_100g"", ""source_comparison"": ""official_html_compared"", ""source_path"": ""knowledge\\sources\\food-audit-2026-10-02\\THAIFCD-T68-1569.html"", ""source_pdf_page"": null, ""source_sha256"": ""1c35a3b014b9f9dd372a46c124ebe5b13db2d9471781e7348665023135257481"", ""verification_status"": ""source_compared_AI""}"
"หมู, สันใน, ต้ม","Pork, tender loin, boiled",เนื้อสัตว์,100 กรัม,100,153,33.4,0.0,2.2,0.0,ThaiFCD-Online-v3:F89,"{""carb_definition"": ""available"", ""fiber_definition"": ""total_dietary"", ""human_review_status"": ""pending"", ""portion_basis"": ""source_weight"", ""source_basis"": ""per_100g"", ""source_comparison"": ""official_html_compared"", ""source_path"": ""knowledge\\sources\\food-audit-2026-10-02\\THAIFCD-F89-968.html"", ""source_pdf_page"": null, ""source_sha256"": ""4e719ea72a0a2943391f17aac97c2ea31a46bba636d70bc5969958a4793f4b64"", ""verification_status"": ""source_compared_AI""}"
"หมู, สันใน, ทอด","Pork, tender loin, fried",เนื้อสัตว์,100 กรัม,100,243,37.2,0.0,10.5,0.0,ThaiFCD-Online-v3:F90,"{""carb_definition"": ""available"", ""fiber_definition"": ""total_dietary"", ""human_review_status"": ""pending"", ""portion_basis"": ""source_weight"", ""source_basis"": ""per_100g"", ""source_comparison"": ""official_html_compared"", ""source_path"": ""knowledge\\sources\\food-audit-2026-10-02\\THAIFCD-F90-969.html"", ""source_pdf_page"": null, ""source_sha256"": ""97fe47ce4ce915374afb8e196b3f5922852b9706c244dd67856e02b23117ba11"", ""verification_status"": ""source_compared_AI""}"
"หมู, สันนอก, ต้ม","Pork, loin, boiled",เนื้อสัตว์,100 กรัม,100,204,33.0,0.1,7.9,0.0,ThaiFCD-Online-v3:F86,"{""carb_definition"": ""available"", ""fiber_definition"": ""total_dietary"", ""human_review_status"": ""pending"", ""portion_basis"": ""source_weight"", ""source_basis"": ""per_100g"", ""source_comparison"": ""official_html_compared"", ""source_path"": ""knowledge\\sources\\food-audit-2026-10-02\\THAIFCD-F86-965.html"", ""source_pdf_page"": null, ""source_sha256"": ""7c489e6378149726c957f43acfd1aa091f21ed84c1388a5089e0724b310027a4"", ""verification_status"": ""source_compared_AI""}"
"หมู, สับ, ต้ม","Pork, minced, boiled",เนื้อสัตว์,100 กรัม,100,231,24.4,0.0,14.8,0.0,ThaiFCD-Online-v3:F102,"{""carb_definition"": ""available"", ""fiber_definition"": ""total_dietary"", ""human_review_status"": ""pending"", ""portion_basis"": ""source_weight"", ""source_basis"": ""per_100g"", ""source_comparison"": ""official_html_compared"", ""source_path"": ""knowledge\\sources\\food-audit-2026-10-02\\THAIFCD-F102-971.html"", ""source_pdf_page"": null, ""source_sha256"": ""fc68cb27db96fcd07f67535c4cf67f262ba8f184dc179c0a6e14e5d56f87b36f"", ""verification_status"": ""source_compared_AI""}"
"ลูกชิ้น, หมู, ลวก","Meat ball, pork, blanched",เนื้อสัตว์,100 กรัม,100,141,13.2,8.3,6.0,0.0,ThaiFCD-Online-v3:F156,"{""carb_definition"": ""available"", ""fiber_definition"": ""total_dietary"", ""human_review_status"": ""pending"", ""portion_basis"": ""source_weight"", ""source_basis"": ""per_100g"", ""source_comparison"": ""official_html_compared"", ""source_path"": ""knowledge\\sources\\food-audit-2026-10-02\\THAIFCD-F156-1004.html"", ""source_pdf_page"": null, ""source_sha256"": ""64cf5308ee7a08f6f7ae759474717fee6b41a644f787707477bfdacea8fad5ab"", ""verification_status"": ""source_compared_AI""}"
เทมเป้สุก,"Tempeh, cooked",โปรตีนพืช,100 กรัม,100,195,19.9,7.6,11.4,,USDA-FDC-SR:172467,"{""carb_definition"": ""by_difference"", ""fiber_definition"": ""unknown"", ""generic_product_not_brand_label"": false, ""human_review_status"": ""pending"", ""portion_basis"": ""source_weight"", ""replaces_source"": ""FINELI-THL:31249"", ""source_basis"": ""per_100g"", ""source_comparison"": ""official_json_compared"", ""source_path"": ""knowledge/sources/food-fixes-2026-10-02/usda-172467.json"", ""source_pdf_page"": null, ""source_sha256"": ""e562141807331df2196bf6eaabac2f7814d47195f65a7846b202440f2c06a6c3"", ""verification_status"": ""source_compared_AI""}"
โปรตีนเกษตรถั่วเหลืองต้ม ไม่ใส่เกลือ,"Soya mince, white or dark, boiled without salt",โปรตีนพืช,100 กรัม,100,127,18.8,8.0,0.9,5.7,FINELI-THL:33026,"{""capture_scope"": ""Rendered public Fineli page captured by web search/open; cached crawl, not a direct official CSV/API response"", ""carb_definition"": ""available"", ""fiber_definition"": ""total_dietary"", ""human_review_status"": ""pending"", ""portion_basis"": ""source_weight"", ""source_basis"": ""per_100g"", ""source_comparison"": ""official_primary_web_rendering_compared_cached_capture"", ""source_license"": ""CC-BY-4.0; attribution: Finnish Institute for Health and Welfare (THL), Fineli"", ""source_path"": ""knowledge/evidence/residual-source-review-v2/fineli-33026-web-rendering.txt"", ""source_pdf_page"": null, ""source_sha256"": ""bcb27fb5578a45855b611be8b34b8e31f503a2a6728f6ddaf1fa05778c1a43e9"", ""source_url"": ""https://fineli.fi/fineli/fi/elintarvikkeet/33026"", ""verification_status"": ""source_compared_AI""}"
ผงโปรตีนถั่วเหลืองไอโซเลท (ทั่วไป),Soy protein isolate,อาหารเสริม,100 กรัม,100,335,88.3,0.0,3.4,0.0,USDA-FDC-SR:174276,"{""carb_definition"": ""by_difference"", ""fiber_definition"": ""total_dietary"", ""generic_product_not_brand_label"": true, ""human_review_status"": ""pending"", ""portion_basis"": ""source_weight"", ""replaces_source"": ""FINELI-THL:34996"", ""source_basis"": ""per_100g"", ""source_comparison"": ""official_json_compared"", ""source_path"": ""knowledge/sources/food-fixes-2026-10-02/usda-174276.json"", ""source_pdf_page"": null, ""source_sha256"": ""013ea6a32bf5c5371e00b22232c5690b78e222097b9035f98cd1ec4e83fe2718"", ""verification_status"": ""source_compared_AI""}"
น้ำมันมะกอก,"Oil, olive, salad or cooking",น้ำมันและไขมัน,10 กรัม,10,88,0.0,0.0,10.0,0.0,USDA-FDC-SR:171413,"{""carb_definition"": ""by_difference"", ""fiber_definition"": ""total_dietary"", ""generic_product_not_brand_label"": false, ""human_review_status"": ""pending"", ""portion_basis"": ""source_weight"", ""replaces_source"": ""FINELI-THL:541"", ""source_basis"": ""per_100g"", ""source_comparison"": ""official_json_compared"", ""source_path"": ""knowledge/sources/food-fixes-2026-10-02/usda-171413.json"", ""source_pdf_page"": null, ""source_sha256"": ""e2507aa9164e584e6fcb517ce5b7499d47351a3fff46de6abbea42c627a86f3d"", ""verification_status"": ""source_compared_AI""}"
